match_id,season,venue,innings,batting_team,bowling_team,toss_winner,toss_decision,match_winner,powerplay_runs,powerplay_wickets,powerplay_run_rate,powerplay_sixes,powerplay_fours,powerplay_dot_balls,powerplay_extras,final_total,total_wickets,total_sixes,total_fours,total_balls
959175,2015/16,Dubai International Cricket Stadium,1,Islamabad United,Quetta Gladiators,Quetta Gladiators,field,Quetta Gladiators,22,1,3.67,1,1,25,0,128,7,4,10,124
959175,2015/16,Dubai International Cricket Stadium,2,Quetta Gladiators,Islamabad United,Quetta Gladiators,field,Quetta Gladiators,58,1,9.67,2,8,16,2,132,2,4,14,99
959177,2015/16,Dubai International Cricket Stadium,1,Lahore Qalandars,Karachi Kings,Karachi Kings,field,Karachi Kings,38,2,6.33,0,5,16,3,125,8,2,9,125
959177,2015/16,Dubai International Cricket Stadium,2,Karachi Kings,Lahore Qalandars,Karachi Kings,field,Karachi Kings,57,2,9.5,3,5,18,3,131,3,7,11,98
959179,2015/16,Dubai International Cricket Stadium,1,Peshawar Zalmi,Islamabad United,Peshawar Zalmi,bat,Peshawar Zalmi,34,2,5.67,0,3,22,13,145,7,3,10,126
959179,2015/16,Dubai International Cricket Stadium,2,Islamabad United,Peshawar Zalmi,Peshawar Zalmi,bat,Peshawar Zalmi,41,3,6.83,0,6,22,8,121,9,2,10,125
959181,2015/16,Dubai International Cricket Stadium,1,Karachi Kings,Quetta Gladiators,Quetta Gladiators,field,Quetta Gladiators,30,2,5.0,2,0,21,5,147,7,3,9,127
959181,2015/16,Dubai International Cricket Stadium,2,Quetta Gladiators,Karachi Kings,Quetta Gladiators,field,Quetta Gladiators,39,0,6.5,1,4,16,1,153,2,8,10,108
959183,2015/16,Dubai International Cricket Stadium,1,Lahore Qalandars,Peshawar Zalmi,Peshawar Zalmi,field,Peshawar Zalmi,27,3,4.5,0,4,24,2,117,6,1,11,124
959183,2015/16,Dubai International Cricket Stadium,2,Peshawar Zalmi,Lahore Qalandars,Peshawar Zalmi,field,Peshawar Zalmi,43,0,7.17,1,5,21,8,118,1,3,10,102
959185,2015/16,Dubai International Cricket Stadium,1,Islamabad United,Karachi Kings,Karachi Kings,field,Islamabad United,49,1,8.17,2,4,15,2,132,8,5,7,123
959185,2015/16,Dubai International Cricket Stadium,2,Karachi Kings,Islamabad United,Karachi Kings,field,Islamabad United,35,2,5.83,0,6,19,0,130,9,2,12,124
959187,2015/16,Dubai International Cricket Stadium,1,Peshawar Zalmi,Quetta Gladiators,Quetta Gladiators,field,Quetta Gladiators,29,2,4.83,0,1,19,1,135,7,5,5,126
959187,2015/16,Dubai International Cricket Stadium,2,Quetta Gladiators,Peshawar Zalmi,Quetta Gladiators,field,Quetta Gladiators,44,2,7.33,1,4,16,3,139,7,3,11,124
959189,2015/16,Dubai International Cricket Stadium,1,Lahore Qalandars,Quetta Gladiators,Quetta Gladiators,field,Lahore Qalandars,34,0,5.67,1,4,21,1,194,3,12,16,123
959189,2015/16,Dubai International Cricket Stadium,2,Quetta Gladiators,Lahore Qalandars,Quetta Gladiators,field,Lahore Qalandars,42,3,7.0,1,5,18,3,131,10,3,12,103
959191,2015/16,Sharjah Cricket Stadium,1,Lahore Qalandars,Islamabad United,Islamabad United,field,Islamabad United,46,2,7.67,1,6,17,3,166,6,6,15,123
959191,2015/16,Sharjah Cricket Stadium,2,Islamabad United,Lahore Qalandars,Islamabad United,field,Islamabad United,58,0,9.67,4,4,15,4,169,2,14,9,101
959195,2015/16,Sharjah Cricket Stadium,1,Islamabad United,Quetta Gladiators,Quetta Gladiators,field,Quetta Gladiators,54,1,9.0,4,3,15,1,117,10,6,5,118
959195,2015/16,Sharjah Cricket Stadium,2,Quetta Gladiators,Islamabad United,Quetta Gladiators,field,Quetta Gladiators,46,2,7.67,0,7,15,2,118,3,1,12,103
959197,2015/16,Sharjah Cricket Stadium,1,Karachi Kings,Lahore Qalandars,Lahore Qalandars,field,Karachi Kings,49,0,8.17,3,3,14,2,178,5,9,9,127
959197,2015/16,Sharjah Cricket Stadium,2,Lahore Qalandars,Karachi Kings,Lahore Qalandars,field,Karachi Kings,43,0,7.17,1,6,18,2,151,8,4,14,126
959199,2015/16,Sharjah Cricket Stadium,1,Islamabad United,Peshawar Zalmi,Peshawar Zalmi,field,Peshawar Zalmi,36,1,6.0,0,6,20,4,152,6,8,10,122
959199,2015/16,Sharjah Cricket Stadium,2,Peshawar Zalmi,Islamabad United,Peshawar Zalmi,field,Peshawar Zalmi,48,1,8.0,1,7,16,1,153,3,6,13,114
959201,2015/16,Sharjah Cricket Stadium,1,Karachi Kings,Quetta Gladiators,Karachi Kings,bat,Quetta Gladiators,49,1,8.17,2,5,13,0,126,9,3,9,121
959201,2015/16,Sharjah Cricket Stadium,2,Quetta Gladiators,Karachi Kings,Karachi Kings,bat,Quetta Gladiators,47,1,7.83,0,7,18,1,127,5,2,10,114
959203,2015/16,Sharjah Cricket Stadium,1,Lahore Qalandars,Peshawar Zalmi,Peshawar Zalmi,field,Lahore Qalandars,41,1,6.83,1,3,19,8,164,3,3,15,123
959203,2015/16,Sharjah Cricket Stadium,2,Peshawar Zalmi,Lahore Qalandars,Peshawar Zalmi,field,Lahore Qalandars,54,1,9.0,1,7,15,6,160,7,6,11,125
959205,2015/16,Sharjah Cricket Stadium,1,Karachi Kings,Islamabad United,Islamabad United,field,Islamabad United,32,2,5.33,0,4,17,0,128,5,2,10,121
959205,2015/16,Sharjah Cricket Stadium,2,Islamabad United,Karachi Kings,Islamabad United,field,Islamabad United,32,3,5.33,2,4,27,0,131,5,7,10,116
959207,2015/16,Sharjah Cricket Stadium,1,Quetta Gladiators,Peshawar Zalmi,Quetta Gladiators,bat,Peshawar Zalmi,44,3,7.33,2,3,18,6,129,10,7,6,114
959207,2015/16,Sharjah Cricket Stadium,2,Peshawar Zalmi,Quetta Gladiators,Quetta Gladiators,bat,Peshawar Zalmi,41,0,6.83,1,4,18,7,130,2,2,11,115
959209,2015/16,Dubai International Cricket Stadium,1,Lahore Qalandars,Quetta Gladiators,Quetta Gladiators,field,Quetta Gladiators,61,0,10.17,5,4,15,2,201,2,12,17,124
959209,2015/16,Dubai International Cricket Stadium,2,Quetta Gladiators,Lahore Qalandars,Quetta Gladiators,field,Quetta Gladiators,77,1,12.83,1,15,10,2,203,8,3,26,124
959211,2015/16,Dubai International Cricket Stadium,1,Karachi Kings,Peshawar Zalmi,Karachi Kings,bat,Peshawar Zalmi,42,1,7.0,1,4,16,4,152,7,5,10,128
959211,2015/16,Dubai International Cricket Stadium,2,Peshawar Zalmi,Karachi Kings,Karachi Kings,bat,Peshawar Zalmi,32,2,5.33,0,4,19,1,158,5,7,14,114
959213,2015/16,Dubai International Cricket Stadium,1,Lahore Qalandars,Islamabad United,Islamabad United,field,Islamabad United,28,3,4.67,1,1,24,4,150,5,6,10,125
959213,2015/16,Dubai International Cricket Stadium,2,Islamabad United,Lahore Qalandars,Islamabad United,field,Islamabad United,48,2,8.0,1,6,15,1,151,5,2,18,115
959215,2015/16,Dubai International Cricket Stadium,1,Quetta Gladiators,Peshawar Zalmi,Peshawar Zalmi,field,Quetta Gladiators,35,2,5.83,0,7,22,0,133,10,4,13,119
959215,2015/16,Dubai International Cricket Stadium,2,Peshawar Zalmi,Quetta Gladiators,Peshawar Zalmi,field,Quetta Gladiators,32,3,5.33,0,4,24,7,132,9,1,16,126
959217,2015/16,Dubai International Cricket Stadium,1,Karachi Kings,Islamabad United,Islamabad United,field,Islamabad United,29,3,4.83,1,4,24,4,111,9,2,7,121
959217,2015/16,Dubai International Cricket Stadium,2,Islamabad United,Karachi Kings,Islamabad United,field,Islamabad United,38,1,6.33,1,6,22,1,115,1,4,13,87
959219,2015/16,Dubai International Cricket Stadium,1,Islamabad United,Peshawar Zalmi,Peshawar Zalmi,field,Islamabad United,36,0,6.0,0,5,20,7,176,3,8,15,124
959219,2015/16,Dubai International Cricket Stadium,2,Peshawar Zalmi,Islamabad United,Peshawar Zalmi,field,Islamabad United,34,1,5.67,0,5,21,4,126,10,6,10,110
959221,2015/16,Dubai International Cricket Stadium,1,Quetta Gladiators,Islamabad United,Islamabad United,field,Islamabad United,36,2,6.0,1,2,15,0,174,7,7,17,120
959221,2015/16,Dubai International Cricket Stadium,2,Islamabad United,Quetta Gladiators,Islamabad United,field,Islamabad United,55,1,9.17,3,6,14,3,175,4,11,13,112
1075986,2016/17,Dubai International Cricket Stadium,1,Peshawar Zalmi,Islamabad United,Islamabad United,field,Islamabad United,52,1,8.67,2,5,15,7,190,9,11,12,124
1075986,2016/17,Dubai International Cricket Stadium,2,Islamabad United,Peshawar Zalmi,Islamabad United,field,Islamabad United,43,1,7.17,0,7,17,2,175,3,6,19,113
1075987,2016/17,Dubai International Cricket Stadium,1,Quetta Gladiators,Lahore Qalandars,Lahore Qalandars,field,Quetta Gladiators,26,2,4.33,0,2,19,3,136,9,3,9,124
1075987,2016/17,Dubai International Cricket Stadium,2,Lahore Qalandars,Quetta Gladiators,Lahore Qalandars,field,Quetta Gladiators,57,3,9.5,2,8,14,0,128,10,5,10,113
1075988,2016/17,Dubai International Cricket Stadium,1,Karachi Kings,Peshawar Zalmi,Peshawar Zalmi,field,Peshawar Zalmi,28,4,4.67,0,3,21,0,118,7,3,8,121
1075988,2016/17,Dubai International Cricket Stadium,2,Peshawar Zalmi,Karachi Kings,Peshawar Zalmi,field,Peshawar Zalmi,41,2,6.83,0,8,21,2,119,3,3,12,113
1075989,2016/17,Dubai International Cricket Stadium,1,Islamabad United,Lahore Qalandars,Lahore Qalandars,field,Lahore Qalandars,48,0,8.0,0,7,15,5,158,7,6,12,123
1075989,2016/17,Dubai International Cricket Stadium,2,Lahore Qalandars,Islamabad United,Lahore Qalandars,field,Lahore Qalandars,50,2,8.33,1,6,17,4,160,4,6,16,115
1075990,2016/17,Dubai International Cricket Stadium,1,Karachi Kings,Quetta Gladiators,Quetta Gladiators,field,Quetta Gladiators,37,2,6.17,1,3,17,2,159,8,5,14,121
1075990,2016/17,Dubai International Cricket Stadium,2,Quetta Gladiators,Karachi Kings,Quetta Gladiators,field,Quetta Gladiators,39,3,6.5,2,4,21,2,160,3,5,14,119
1075991,2016/17,Dubai International Cricket Stadium,1,Lahore Qalandars,Peshawar Zalmi,Peshawar Zalmi,field,Peshawar Zalmi,47,4,7.83,1,7,22,1,59,10,1,8,64
1075991,2016/17,Dubai International Cricket Stadium,2,Peshawar Zalmi,Lahore Qalandars,Peshawar Zalmi,field,Peshawar Zalmi,20,2,3.33,0,2,25,1,60,7,1,4,108
1075992,2016/17,Sharjah Cricket Stadium,1,Quetta Gladiators,Islamabad United,Islamabad United,field,Islamabad United,44,2,7.33,1,5,15,0,148,6,4,11,122
1075992,2016/17,Sharjah Cricket Stadium,2,Islamabad United,Quetta Gladiators,Islamabad United,field,Islamabad United,40,1,6.67,0,6,16,3,149,5,5,16,117
1075993,2016/17,Sharjah Cricket Stadium,1,Lahore Qalandars,Karachi Kings,Karachi Kings,field,Lahore Qalandars,62,2,10.33,3,6,11,0,179,8,6,15,124
1075993,2016/17,Sharjah Cricket Stadium,2,Karachi Kings,Lahore Qalandars,Karachi Kings,field,Lahore Qalandars,45,2,7.5,0,6,15,2,172,8,5,14,128
1075994,2016/17,Sharjah Cricket Stadium,1,Peshawar Zalmi,Quetta Gladiators,Quetta Gladiators,field,No result,41,1,6.83,0,5,18,5,117,3,5,8,98
1075995,2016/17,Sharjah Cricket Stadium,1,Islamabad United,Karachi Kings,Karachi Kings,field,Karachi Kings,32,2,5.33,2,1,19,1,90,8,6,4,82
1075995,2016/17,Sharjah Cricket Stadium,2,Karachi Kings,Islamabad United,Karachi Kings,field,Karachi Kings,50,3,8.33,2,4,12,4,75,4,2,5,60
1075996,2016/17,Sharjah Cricket Stadium,1,Lahore Qalandars,Quetta Gladiators,Quetta Gladiators,field,Quetta Gladiators,75,0,12.5,3,10,9,3,200,3,12,15,121
1075996,2016/17,Sharjah Cricket Stadium,2,Quetta Gladiators,Lahore Qalandars,Quetta Gladiators,field,Quetta Gladiators,51,2,8.5,1,6,11,2,202,5,14,12,115
1075997,2016/17,Sharjah Cricket Stadium,1,Peshawar Zalmi,Islamabad United,Islamabad United,field,Islamabad United,38,2,6.33,0,6,17,0,136,9,4,14,124
1075997,2016/17,Sharjah Cricket Stadium,2,Islamabad United,Peshawar Zalmi,Islamabad United,field,Islamabad United,23,2,3.83,1,1,21,0,137,5,7,9,125
1075998,2016/17,Sharjah Cricket Stadium,1,Karachi Kings,Peshawar Zalmi,Peshawar Zalmi,field,Karachi Kings,47,0,7.83,1,6,14,0,174,4,7,15,120
1075998,2016/17,Sharjah Cricket Stadium,2,Peshawar Zalmi,Karachi Kings,Peshawar Zalmi,field,Karachi Kings,39,3,6.5,1,5,17,2,165,10,10,13,121
1075999,2016/17,Sharjah Cricket Stadium,1,Islamabad United,Lahore Qalandars,Lahore Qalandars,field,Lahore Qalandars,37,2,6.17,2,2,17,4,145,8,8,7,122
1075999,2016/17,Sharjah Cricket Stadium,2,Lahore Qalandars,Islamabad United,Lahore Qalandars,field,Lahore Qalandars,29,2,4.83,0,3,23,5,146,9,6,14,117
1076000,2016/17,Dubai International Cricket Stadium,1,Karachi Kings,Quetta Gladiators,Quetta Gladiators,field,Quetta Gladiators,50,0,8.33,2,4,16,3,154,6,6,11,130
1076000,2016/17,Dubai International Cricket Stadium,2,Quetta Gladiators,Karachi Kings,Quetta Gladiators,field,Quetta Gladiators,49,0,8.17,0,7,13,6,158,4,4,14,117
1076001,2016/17,Dubai International Cricket Stadium,1,Peshawar Zalmi,Lahore Qalandars,Peshawar Zalmi,bat,Peshawar Zalmi,52,1,8.67,0,7,16,10,166,6,2,16,123
1076001,2016/17,Dubai International Cricket Stadium,2,Lahore Qalandars,Peshawar Zalmi,Peshawar Zalmi,bat,Peshawar Zalmi,45,6,7.5,0,9,19,0,149,9,6,17,121
1076002,2016/17,Dubai International Cricket Stadium,1,Islamabad United,Quetta Gladiators,Quetta Gladiators,field,Islamabad United,41,1,6.83,1,5,17,0,165,6,7,12,121
1076002,2016/17,Dubai International Cricket Stadium,2,Quetta Gladiators,Islamabad United,Quetta Gladiators,field,Islamabad United,44,1,7.33,0,5,10,3,164,5,4,13,124
1076003,2016/17,Dubai International Cricket Stadium,1,Lahore Qalandars,Karachi Kings,Karachi Kings,field,Karachi Kings,42,2,7.0,1,4,18,5,155,6,5,11,124
1076003,2016/17,Dubai International Cricket Stadium,2,Karachi Kings,Lahore Qalandars,Karachi Kings,field,Karachi Kings,43,1,7.17,0,5,13,2,158,5,5,13,125
1076004,2016/17,Dubai International Cricket Stadium,1,Quetta Gladiators,Peshawar Zalmi,Peshawar Zalmi,field,Peshawar Zalmi,28,2,4.67,0,2,21,2,128,10,3,8,123
1076004,2016/17,Dubai International Cricket Stadium,2,Peshawar Zalmi,Quetta Gladiators,Peshawar Zalmi,field,Peshawar Zalmi,37,0,6.17,1,1,21,9,130,8,5,9,126
1076005,2016/17,Dubai International Cricket Stadium,1,Islamabad United,Karachi Kings,Karachi Kings,field,Karachi Kings,43,1,7.17,0,7,15,0,123,7,4,10,92
1076005,2016/17,Dubai International Cricket Stadium,2,Karachi Kings,Islamabad United,Karachi Kings,field,Karachi Kings,64,1,10.67,5,5,15,2,127,4,5,12,94
1076006,2016/17,Sharjah Cricket Stadium,1,Quetta Gladiators,Peshawar Zalmi,Peshawar Zalmi,field,Quetta Gladiators,59,1,9.83,2,6,11,5,200,7,8,15,124
1076006,2016/17,Sharjah Cricket Stadium,2,Peshawar Zalmi,Quetta Gladiators,Peshawar Zalmi,field,Quetta Gladiators,38,2,6.33,0,4,18,9,199,9,11,16,128
1076007,2016/17,Sharjah Cricket Stadium,1,Karachi Kings,Islamabad United,Islamabad United,field,Karachi Kings,42,1,7.0,1,7,21,0,126,10,2,14,122
1076007,2016/17,Sharjah Cricket Stadium,2,Islamabad United,Karachi Kings,Islamabad United,field,Karachi Kings,34,2,5.67,1,3,19,0,82,10,1,7,96
1076008,2016/17,Dubai International Cricket Stadium,1,Peshawar Zalmi,Karachi Kings,Karachi Kings,field,Peshawar Zalmi,47,0,7.83,1,7,17,1,181,3,9,13,121
1076008,2016/17,Dubai International Cricket Stadium,2,Karachi Kings,Peshawar Zalmi,Karachi Kings,field,Peshawar Zalmi,23,3,3.83,1,1,23,3,157,7,9,9,128
1076009,2016/17,Gaddafi Stadium,1,Peshawar Zalmi,Quetta Gladiators,Quetta Gladiators,field,Peshawar Zalmi,52,1,8.67,1,7,17,6,148,6,6,13,125
1076009,2016/17,Gaddafi Stadium,2,Quetta Gladiators,Peshawar Zalmi,Quetta Gladiators,field,Peshawar Zalmi,31,4,5.17,0,5,21,0,90,10,0,9,100
1128818,2017/18,Dubai International Cricket Stadium,1,Peshawar Zalmi,Multan Sultans,Multan Sultans,field,Multan Sultans,29,2,4.83,0,4,26,7,151,6,6,13,125
1128818,2017/18,Dubai International Cricket Stadium,2,Multan Sultans,Peshawar Zalmi,Multan Sultans,field,Multan Sultans,43,1,7.17,1,5,21,8,152,3,5,12,118
1128819,2017/18,Dubai International Cricket Stadium,1,Karachi Kings,Quetta Gladiators,Karachi Kings,bat,Karachi Kings,39,1,6.5,0,3,11,5,149,9,2,14,122
1128819,2017/18,Dubai International Cricket Stadium,2,Quetta Gladiators,Karachi Kings,Karachi Kings,bat,Karachi Kings,26,3,4.33,0,4,25,1,130,9,2,12,121
1128820,2017/18,Dubai International Cricket Stadium,1,Multan Sultans,Lahore Qalandars,Lahore Qalandars,field,Multan Sultans,53,0,8.83,1,4,13,11,179,5,7,13,123
1128820,2017/18,Dubai International Cricket Stadium,2,Lahore Qalandars,Multan Sultans,Lahore Qalandars,field,Multan Sultans,40,2,6.67,2,2,19,3,136,10,7,8,108
1128821,2017/18,Dubai International Cricket Stadium,1,Peshawar Zalmi,Islamabad United,Islamabad United,field,Peshawar Zalmi,57,0,9.5,3,8,19,1,176,6,7,16,123
1128821,2017/18,Dubai International Cricket Stadium,2,Islamabad United,Peshawar Zalmi,Islamabad United,field,Peshawar Zalmi,38,4,6.33,1,4,18,1,142,9,3,15,123
1128822,2017/18,Dubai International Cricket Stadium,1,Lahore Qalandars,Quetta Gladiators,Quetta Gladiators,field,Quetta Gladiators,61,3,10.17,4,7,17,1,119,9,7,8,121
1128822,2017/18,Dubai International Cricket Stadium,2,Quetta Gladiators,Lahore Qalandars,Quetta Gladiators,field,Quetta Gladiators,41,0,6.83,2,4,21,2,120,1,8,8,86
1128823,2017/18,Dubai International Cricket Stadium,1,Multan Sultans,Islamabad United,Islamabad United,field,Islamabad United,24,3,4.0,0,3,22,0,113,10,3,7,120
1128823,2017/18,Dubai International Cricket Stadium,2,Islamabad United,Multan Sultans,Islamabad United,field,Islamabad United,39,2,6.5,0,7,21,3,117,5,3,12,108
1128824,2017/18,Dubai International Cricket Stadium,1,Peshawar Zalmi,Karachi Kings,Peshawar Zalmi,bat,Karachi Kings,37,2,6.17,1,5,22,2,131,9,7,9,127
1128824,2017/18,Dubai International Cricket Stadium,2,Karachi Kings,Peshawar Zalmi,Peshawar Zalmi,bat,Karachi Kings,46,1,7.67,1,6,16,2,135,5,4,12,123
1128825,2017/18,Dubai International Cricket Stadium,1,Karachi Kings,Lahore Qalandars,Karachi Kings,bat,Karachi Kings,39,3,6.5,1,6,21,0,159,7,7,12,125
1128825,2017/18,Dubai International Cricket Stadium,2,Lahore Qalandars,Karachi Kings,Karachi Kings,bat,Karachi Kings,68,1,11.33,2,7,8,8,132,10,3,12,119
1128826,2017/18,Sharjah Cricket Stadium,1,Islamabad United,Quetta Gladiators,Quetta Gladiators,field,Quetta Gladiators,52,2,8.67,1,6,13,1,134,7,4,9,128
1128826,2017/18,Sharjah Cricket Stadium,2,Quetta Gladiators,Islamabad United,Quetta Gladiators,field,Quetta Gladiators,48,3,8.0,1,7,16,2,135,4,6,11,110
1128827,2017/18,Sharjah Cricket Stadium,1,Quetta Gladiators,Peshawar Zalmi,Peshawar Zalmi,field,Peshawar Zalmi,31,1,5.17,1,3,21,0,141,8,7,7,122
1128827,2017/18,Sharjah Cricket Stadium,2,Peshawar Zalmi,Quetta Gladiators,Peshawar Zalmi,field,Peshawar Zalmi,47,1,7.83,1,8,21,3,143,5,5,13,123
1128829,2017/18,Sharjah Cricket Stadium,1,Islamabad United,Lahore Qalandars,Lahore Qalandars,field,No result,25,2,4.17,0,3,21,0,121,9,4,8,123
1128829,2017/18,Sharjah Cricket Stadium,2,Lahore Qalandars,Islamabad United,Lahore Qalandars,field,No result,39,2,6.5,0,8,23,0,121,10,4,11,120
1128829,2017/18,Sharjah Cricket Stadium,3,Lahore Qalandars,Islamabad United,Lahore Qalandars,field,No result,15,1,2.5,2,0,2,0,15,1,2,0,6
1128829,2017/18,Sharjah Cricket Stadium,4,Islamabad United,Lahore Qalandars,Lahore Qalandars,field,No result,19,0,3.17,2,1,1,1,19,0,2,1,7
1128830,2017/18,Sharjah Cricket Stadium,1,Quetta Gladiators,Multan Sultans,Multan Sultans,field,Multan Sultans,42,2,7.0,1,3,19,11,102,10,3,6,100
1128830,2017/18,Sharjah Cricket Stadium,2,Multan Sultans,Quetta Gladiators,Multan Sultans,field,Multan Sultans,37,0,6.17,0,6,21,4,108,1,2,10,103
1128831,2017/18,Sharjah Cricket Stadium,1,Lahore Qalandars,Peshawar Zalmi,Lahore Qalandars,bat,Peshawar Zalmi,53,1,8.83,4,5,20,2,100,10,5,7,110
1128831,2017/18,Sharjah Cricket Stadium,2,Peshawar Zalmi,Lahore Qalandars,Lahore Qalandars,bat,Peshawar Zalmi,41,0,6.83,1,6,20,2,104,0,2,11,86
1128832,2017/18,Sharjah Cricket Stadium,1,Karachi Kings,Islamabad United,Islamabad United,field,Islamabad United,32,1,5.33,0,5,20,0,153,6,4,15,121
1128832,2017/18,Sharjah Cricket Stadium,2,Islamabad United,Karachi Kings,Islamabad United,field,Islamabad United,61,0,10.17,3,7,12,2,156,2,4,19,106
1128833,2017/18,Dubai International Cricket Stadium,1,Multan Sultans,Peshawar Zalmi,Peshawar Zalmi,field,Multan Sultans,41,0,6.83,1,5,19,2,183,3,11,11,123
1128833,2017/18,Dubai International Cricket Stadium,2,Peshawar Zalmi,Multan Sultans,Peshawar Zalmi,field,Multan Sultans,39,2,6.5,1,3,18,4,164,8,7,12,122
1128834,2017/18,Dubai International Cricket Stadium,1,Multan Sultans,Quetta Gladiators,Quetta Gladiators,field,Quetta Gladiators,35,2,5.83,2,2,21,3,152,5,7,8,126
1128834,2017/18,Dubai International Cricket Stadium,2,Quetta Gladiators,Multan Sultans,Quetta Gladiators,field,Quetta Gladiators,46,0,7.67,0,9,23,5,156,8,5,15,122
1128835,2017/18,Dubai International Cricket Stadium,1,Lahore Qalandars,Islamabad United,Islamabad United,field,Islamabad United,49,0,8.17,2,3,15,3,163,8,8,9,126
1128835,2017/18,Dubai International Cricket Stadium,2,Islamabad United,Lahore Qalandars,Islamabad United,field,Islamabad United,59,1,9.83,4,5,14,2,164,4,11,9,112
1128836,2017/18,Dubai International Cricket Stadium,1,Quetta Gladiators,Karachi Kings,Karachi Kings,field,Quetta Gladiators,52,0,8.67,4,4,18,0,180,4,9,16,121
1128836,2017/18,Dubai International Cricket Stadium,2,Karachi Kings,Quetta Gladiators,Karachi Kings,field,Quetta Gladiators,32,3,5.33,1,4,23,0,113,8,2,7,122
1128837,2017/18,Dubai International Cricket Stadium,1,Multan Sultans,Lahore Qalandars,Multan Sultans,bat,Lahore Qalandars,54,0,9.0,1,10,17,0,114,10,2,13,119
1128837,2017/18,Dubai International Cricket Stadium,2,Lahore Qalandars,Multan Sultans,Multan Sultans,bat,Lahore Qalandars,47,3,7.83,0,9,18,0,115,4,2,13,113
1128838,2017/18,Dubai International Cricket Stadium,1,Islamabad United,Peshawar Zalmi,Peshawar Zalmi,field,Islamabad United,41,1,6.83,0,7,20,4,182,5,9,16,123
1128838,2017/18,Dubai International Cricket Stadium,2,Peshawar Zalmi,Islamabad United,Peshawar Zalmi,field,Islamabad United,48,1,8.0,2,5,16,4,156,9,6,14,125
1128839,2017/18,Dubai International Cricket Stadium,1,Karachi Kings,Multan Sultans,Multan Sultans,field,Karachi Kings,32,1,5.33,0,3,18,4,188,3,7,16,124
1128839,2017/18,Dubai International Cricket Stadium,2,Multan Sultans,Karachi Kings,Multan Sultans,field,Karachi Kings,53,2,8.83,4,4,16,0,125,10,9,7,120
1128840,2017/18,Dubai International Cricket Stadium,1,Peshawar Zalmi,Quetta Gladiators,Quetta Gladiators,field,Quetta Gladiators,37,1,6.17,2,2,17,1,157,5,10,10,121
1128840,2017/18,Dubai International Cricket Stadium,2,Quetta Gladiators,Peshawar Zalmi,Quetta Gladiators,field,Quetta Gladiators,41,1,6.83,1,5,18,0,158,4,4,16,117
1128841,2017/18,Dubai International Cricket Stadium,1,Karachi Kings,Lahore Qalandars,Lahore Qalandars,field,No result,46,1,7.67,0,8,16,0,163,5,3,17,121
1128841,2017/18,Dubai International Cricket Stadium,2,Lahore Qalandars,Karachi Kings,Lahore Qalandars,field,No result,52,1,8.67,1,8,15,1,163,8,5,12,125
1128841,2017/18,Dubai International Cricket Stadium,3,Lahore Qalandars,Karachi Kings,Lahore Qalandars,field,No result,11,2,1.83,0,1,0,3,11,2,0,1,8
1128841,2017/18,Dubai International Cricket Stadium,4,Karachi Kings,Lahore Qalandars,Lahore Qalandars,field,No result,8,1,1.33,1,0,3,0,8,1,1,0,6
1128842,2017/18,Sharjah Cricket Stadium,1,Islamabad United,Multan Sultans,Multan Sultans,field,Islamabad United,54,1,9.0,3,6,16,2,185,4,8,18,125
1128842,2017/18,Sharjah Cricket Stadium,2,Multan Sultans,Islamabad United,Multan Sultans,field,Islamabad United,25,4,4.17,0,2,24,8,152,10,7,13,119
1128843,2017/18,Sharjah Cricket Stadium,1,Lahore Qalandars,Quetta Gladiators,Quetta Gladiators,field,Lahore Qalandars,52,1,8.67,2,6,15,2,186,4,10,16,124
1128843,2017/18,Sharjah Cricket Stadium,2,Quetta Gladiators,Lahore Qalandars,Quetta Gladiators,field,Lahore Qalandars,54,1,9.0,4,2,15,6,169,6,12,5,124
1128844,2017/18,Sharjah Cricket Stadium,1,Peshawar Zalmi,Karachi Kings,Peshawar Zalmi,bat,Peshawar Zalmi,31,1,5.17,2,2,21,2,181,6,14,10,121
1128844,2017/18,Sharjah Cricket Stadium,2,Karachi Kings,Peshawar Zalmi,Peshawar Zalmi,bat,Peshawar Zalmi,35,2,5.83,2,3,21,0,137,8,8,6,120
1128845,2017/18,Sharjah Cricket Stadium,1,Quetta Gladiators,Islamabad United,Quetta Gladiators,bat,Islamabad United,36,2,6.0,1,4,18,1,147,7,6,8,124
1128845,2017/18,Sharjah Cricket Stadium,2,Islamabad United,Quetta Gladiators,Quetta Gladiators,bat,Islamabad United,51,1,8.5,2,6,16,1,149,4,7,12,115
1128846,2017/18,Sharjah Cricket Stadium,1,Lahore Qalandars,Peshawar Zalmi,Lahore Qalandars,bat,Peshawar Zalmi,49,2,8.17,5,2,20,2,172,4,13,8,123
1128846,2017/18,Sharjah Cricket Stadium,2,Peshawar Zalmi,Lahore Qalandars,Lahore Qalandars,bat,Peshawar Zalmi,57,1,9.5,1,9,18,7,176,3,9,19,112
1128847,2017/18,Sharjah Cricket Stadium,1,Islamabad United,Karachi Kings,Karachi Kings,field,Karachi Kings,32,2,5.33,0,6,24,2,124,10,5,10,115
1128847,2017/18,Sharjah Cricket Stadium,2,Karachi Kings,Islamabad United,Karachi Kings,field,Karachi Kings,50,1,8.33,2,5,16,5,125,3,4,11,105
1128848,2017/18,Dubai International Cricket Stadium,1,Karachi Kings,Islamabad United,Karachi Kings,bat,Islamabad United,29,2,4.83,0,4,20,0,154,4,7,9,122
1128848,2017/18,Dubai International Cricket Stadium,2,Islamabad United,Karachi Kings,Karachi Kings,bat,Islamabad United,75,0,12.5,5,7,10,1,155,2,8,17,78
1128849,2017/18,Gaddafi Stadium,1,Peshawar Zalmi,Quetta Gladiators,Quetta Gladiators,field,Peshawar Zalmi,44,2,7.33,0,9,20,1,157,10,5,19,123
1128849,2017/18,Gaddafi Stadium,2,Quetta Gladiators,Peshawar Zalmi,Quetta Gladiators,field,Peshawar Zalmi,49,2,8.17,1,8,18,3,156,9,7,13,124
1128850,2017/18,Gaddafi Stadium,1,Peshawar Zalmi,Karachi Kings,Karachi Kings,field,Peshawar Zalmi,69,0,11.5,5,7,15,2,170,7,14,10,101
1128850,2017/18,Gaddafi Stadium,2,Karachi Kings,Peshawar Zalmi,Karachi Kings,field,Peshawar Zalmi,51,1,8.5,3,4,17,6,157,2,6,16,99
1128851,2017/18,National Stadium,1,Peshawar Zalmi,Islamabad United,Peshawar Zalmi,bat,Islamabad United,38,3,6.33,1,5,18,2,148,9,6,12,122
1128851,2017/18,National Stadium,2,Islamabad United,Peshawar Zalmi,Peshawar Zalmi,bat,Islamabad United,66,0,11.0,5,6,17,2,154,7,11,11,106
1168820,2018/19,Dubai International Cricket Stadium,1,Lahore Qalandars,Islamabad United,Islamabad United,field,Islamabad United,57,0,9.5,2,5,15,7,171,8,6,14,122
1168820,2018/19,Dubai International Cricket Stadium,2,Islamabad United,Lahore Qalandars,Islamabad United,field,Islamabad United,49,3,8.17,1,7,15,3,177,5,9,14,124
1168821,2018/19,Dubai International Cricket Stadium,1,Karachi Kings,Multan Sultans,Karachi Kings,bat,Karachi Kings,53,0,8.83,1,5,10,2,183,6,7,13,124
1168821,2018/19,Dubai International Cricket Stadium,2,Multan Sultans,Karachi Kings,Karachi Kings,bat,Karachi Kings,38,1,6.33,0,5,15,2,176,9,4,19,125
1168822,2018/19,Dubai International Cricket Stadium,1,Peshawar Zalmi,Quetta Gladiators,Quetta Gladiators,field,Quetta Gladiators,37,1,6.17,2,4,21,1,155,4,8,11,121
1168822,2018/19,Dubai International Cricket Stadium,2,Quetta Gladiators,Peshawar Zalmi,Quetta Gladiators,field,Quetta Gladiators,59,2,9.83,3,7,15,0,161,4,5,17,118
1168823,2018/19,Dubai International Cricket Stadium,1,Islamabad United,Multan Sultans,Multan Sultans,field,Multan Sultans,29,2,4.83,2,0,21,1,125,7,6,4,121
1168823,2018/19,Dubai International Cricket Stadium,2,Multan Sultans,Islamabad United,Multan Sultans,field,Multan Sultans,24,1,4.0,0,2,22,1,126,5,5,7,114
1168824,2018/19,Dubai International Cricket Stadium,1,Lahore Qalandars,Karachi Kings,Karachi Kings,field,Lahore Qalandars,50,0,8.33,1,5,8,2,138,6,4,8,122
1168824,2018/19,Dubai International Cricket Stadium,2,Karachi Kings,Lahore Qalandars,Karachi Kings,field,Lahore Qalandars,32,1,5.33,0,3,17,3,116,10,2,7,121
1168825,2018/19,Dubai International Cricket Stadium,1,Islamabad United,Quetta Gladiators,Quetta Gladiators,field,Quetta Gladiators,38,3,6.33,1,5,20,2,157,8,4,17,121
1168825,2018/19,Dubai International Cricket Stadium,2,Quetta Gladiators,Islamabad United,Quetta Gladiators,field,Quetta Gladiators,49,2,8.17,1,7,16,2,161,3,6,13,114
1168826,2018/19,Dubai International Cricket Stadium,1,Lahore Qalandars,Peshawar Zalmi,Peshawar Zalmi,field,Peshawar Zalmi,39,4,6.5,0,7,18,2,78,10,0,10,93
1168826,2018/19,Dubai International Cricket Stadium,2,Peshawar Zalmi,Lahore Qalandars,Peshawar Zalmi,field,Peshawar Zalmi,50,2,8.33,0,8,18,5,81,3,2,10,67
1168827,2018/19,Sharjah Cricket Stadium,1,Multan Sultans,Quetta Gladiators,Quetta Gladiators,field,Quetta Gladiators,51,1,8.5,0,9,12,3,160,9,3,16,125
1168827,2018/19,Sharjah Cricket Stadium,2,Quetta Gladiators,Multan Sultans,Quetta Gladiators,field,Quetta Gladiators,59,1,9.83,0,11,13,5,161,2,1,23,113
1168828,2018/19,Sharjah Cricket Stadium,1,Peshawar Zalmi,Karachi Kings,Karachi Kings,field,Peshawar Zalmi,38,1,6.33,1,3,14,4,153,8,3,13,124
1168828,2018/19,Sharjah Cricket Stadium,2,Karachi Kings,Peshawar Zalmi,Karachi Kings,field,Peshawar Zalmi,32,3,5.33,0,6,22,1,109,9,0,10,121
1168829,2018/19,Sharjah Cricket Stadium,1,Multan Sultans,Lahore Qalandars,Lahore Qalandars,field,Lahore Qalandars,60,0,10.0,3,5,13,6,200,6,12,13,125
1168829,2018/19,Sharjah Cricket Stadium,2,Lahore Qalandars,Multan Sultans,Lahore Qalandars,field,Lahore Qalandars,51,1,8.5,0,6,13,10,204,5,11,12,123
1168830,2018/19,Sharjah Cricket Stadium,1,Islamabad United,Peshawar Zalmi,Peshawar Zalmi,field,Islamabad United,40,1,6.67,2,2,15,3,158,9,6,10,124
1168830,2018/19,Sharjah Cricket Stadium,2,Peshawar Zalmi,Islamabad United,Peshawar Zalmi,field,Islamabad United,36,3,6.0,0,6,18,0,146,10,7,11,119
1168831,2018/19,Sharjah Cricket Stadium,1,Lahore Qalandars,Quetta Gladiators,Quetta Gladiators,field,Quetta Gladiators,48,3,8.0,3,2,14,5,143,7,5,3,123
1168831,2018/19,Sharjah Cricket Stadium,2,Quetta Gladiators,Lahore Qalandars,Quetta Gladiators,field,Quetta Gladiators,35,2,5.83,0,4,17,2,148,7,4,10,124
1168832,2018/19,Sharjah Cricket Stadium,1,Karachi Kings,Islamabad United,Islamabad United,field,Islamabad United,34,3,5.67,0,5,17,1,143,6,4,11,121
1168832,2018/19,Sharjah Cricket Stadium,2,Islamabad United,Karachi Kings,Islamabad United,field,Islamabad United,61,1,10.17,2,7,12,5,147,3,4,18,98
1168833,2018/19,Sharjah Cricket Stadium,1,Multan Sultans,Peshawar Zalmi,Peshawar Zalmi,field,Peshawar Zalmi,55,1,9.17,4,3,17,6,145,10,5,8,128
1168833,2018/19,Sharjah Cricket Stadium,2,Peshawar Zalmi,Multan Sultans,Peshawar Zalmi,field,Peshawar Zalmi,41,1,6.83,0,7,18,1,146,5,6,11,119
1168834,2018/19,Sharjah Cricket Stadium,1,Quetta Gladiators,Karachi Kings,Karachi Kings,field,Karachi Kings,53,1,8.83,2,3,13,13,186,5,12,7,127
1168834,2018/19,Sharjah Cricket Stadium,2,Karachi Kings,Quetta Gladiators,Karachi Kings,field,Karachi Kings,39,2,6.5,0,5,14,1,188,4,10,15,117
1168835,2018/19,Dubai International Cricket Stadium,1,Islamabad United,Multan Sultans,Multan Sultans,field,Multan Sultans,45,3,7.5,1,7,19,2,121,10,5,12,108
1168835,2018/19,Dubai International Cricket Stadium,2,Multan Sultans,Islamabad United,Multan Sultans,field,Multan Sultans,52,0,8.67,0,8,12,2,122,4,2,14,112
1168836,2018/19,Dubai International Cricket Stadium,1,Quetta Gladiators,Lahore Qalandars,Lahore Qalandars,field,Lahore Qalandars,45,3,7.5,2,5,16,0,106,10,2,7,122
1168836,2018/19,Dubai International Cricket Stadium,2,Lahore Qalandars,Quetta Gladiators,Lahore Qalandars,field,Lahore Qalandars,35,2,5.83,1,4,20,2,107,2,1,13,101
1168837,2018/19,Dubai International Cricket Stadium,1,Karachi Kings,Islamabad United,Islamabad United,field,Islamabad United,67,1,11.17,2,10,11,1,168,8,5,17,122
1168837,2018/19,Dubai International Cricket Stadium,2,Islamabad United,Karachi Kings,Islamabad United,field,Islamabad United,44,1,7.33,1,6,16,3,169,5,8,15,120
1168838,2018/19,Dubai International Cricket Stadium,1,Multan Sultans,Peshawar Zalmi,Peshawar Zalmi,field,Peshawar Zalmi,65,1,10.83,3,8,14,2,172,5,6,15,124
1168838,2018/19,Dubai International Cricket Stadium,2,Peshawar Zalmi,Multan Sultans,Peshawar Zalmi,field,Peshawar Zalmi,39,2,6.5,2,3,18,0,176,3,7,13,120
1168839,2018/19,Dubai International Cricket Stadium,1,Lahore Qalandars,Karachi Kings,Karachi Kings,field,Karachi Kings,42,1,7.0,0,7,16,1,133,5,4,11,122
1168839,2018/19,Dubai International Cricket Stadium,2,Karachi Kings,Lahore Qalandars,Karachi Kings,field,Karachi Kings,29,2,4.83,1,3,22,0,134,5,5,11,117
1168840,2018/19,Dubai International Cricket Stadium,1,Islamabad United,Peshawar Zalmi,Peshawar Zalmi,field,Peshawar Zalmi,44,1,7.33,0,8,17,1,176,10,4,19,123
1168840,2018/19,Dubai International Cricket Stadium,2,Peshawar Zalmi,Islamabad United,Peshawar Zalmi,field,Peshawar Zalmi,58,1,9.67,5,2,16,9,177,6,10,8,127
1168841,2018/19,Dubai International Cricket Stadium,1,Multan Sultans,Quetta Gladiators,Quetta Gladiators,field,Quetta Gladiators,35,1,5.83,0,4,19,5,121,10,2,9,124
1168841,2018/19,Dubai International Cricket Stadium,2,Quetta Gladiators,Multan Sultans,Quetta Gladiators,field,Quetta Gladiators,50,1,8.33,1,8,20,0,122,4,1,13,117
1168842,2018/19,Sheikh Zayed Stadium,1,Peshawar Zalmi,Quetta Gladiators,Quetta Gladiators,field,Quetta Gladiators,53,0,8.83,2,6,13,2,165,4,7,16,123
1168842,2018/19,Sheikh Zayed Stadium,2,Quetta Gladiators,Peshawar Zalmi,Quetta Gladiators,field,Quetta Gladiators,45,1,7.5,2,4,15,0,166,2,7,12,111
1168843,2018/19,Sheikh Zayed Stadium,1,Multan Sultans,Karachi Kings,Karachi Kings,field,Karachi Kings,35,2,5.83,0,4,17,5,118,7,0,11,124
1168843,2018/19,Sheikh Zayed Stadium,2,Karachi Kings,Multan Sultans,Karachi Kings,field,Karachi Kings,30,1,5.0,0,5,23,0,120,5,1,12,118
1168844,2018/19,Sheikh Zayed Stadium,1,Lahore Qalandars,Peshawar Zalmi,Peshawar Zalmi,field,Peshawar Zalmi,35,2,5.83,1,4,20,0,124,7,3,12,120
1168844,2018/19,Sheikh Zayed Stadium,2,Peshawar Zalmi,Lahore Qalandars,Peshawar Zalmi,field,Peshawar Zalmi,20,4,3.33,0,2,28,5,125,6,3,9,121
1168845,2018/19,Sheikh Zayed Stadium,1,Quetta Gladiators,Islamabad United,Islamabad United,field,Quetta Gladiators,57,1,9.5,1,8,13,4,180,9,7,16,132
1168845,2018/19,Sheikh Zayed Stadium,2,Islamabad United,Quetta Gladiators,Islamabad United,field,Quetta Gladiators,40,0,6.67,1,5,17,3,137,9,4,13,121
1168846,2018/19,National Stadium,1,Peshawar Zalmi,Karachi Kings,Karachi Kings,field,Peshawar Zalmi,61,0,10.17,2,9,14,1,203,7,9,20,128
1168846,2018/19,National Stadium,2,Karachi Kings,Peshawar Zalmi,Karachi Kings,field,Peshawar Zalmi,57,3,9.5,2,6,15,3,142,10,5,13,104
1168847,2018/19,National Stadium,1,Islamabad United,Lahore Qalandars,Lahore Qalandars,field,Islamabad United,70,2,11.67,4,8,14,5,238,3,16,20,123
1168847,2018/19,National Stadium,2,Lahore Qalandars,Islamabad United,Lahore Qalandars,field,Islamabad United,64,1,10.67,4,7,15,1,189,9,11,17,125
1168848,2018/19,National Stadium,1,Karachi Kings,Quetta Gladiators,Quetta Gladiators,field,Karachi Kings,51,0,8.5,1,5,13,9,190,5,9,14,124
1168848,2018/19,National Stadium,2,Quetta Gladiators,Karachi Kings,Quetta Gladiators,field,Karachi Kings,66,0,11.0,2,7,8,8,189,7,11,10,131
1168849,2018/19,National Stadium,1,Lahore Qalandars,Multan Sultans,Multan Sultans,field,Multan Sultans,38,1,6.33,0,7,20,1,140,8,4,14,120
1168849,2018/19,National Stadium,2,Multan Sultans,Lahore Qalandars,Multan Sultans,field,Multan Sultans,78,2,13.0,5,7,11,6,141,3,7,15,77
1168850,2018/19,National Stadium,1,Karachi Kings,Islamabad United,Karachi Kings,bat,Islamabad United,78,1,13.0,2,12,9,1,161,9,3,17,122
1168850,2018/19,National Stadium,2,Islamabad United,Karachi Kings,Karachi Kings,bat,Islamabad United,48,1,8.0,2,5,18,4,164,6,9,13,122
1168851,2018/19,National Stadium,1,Quetta Gladiators,Peshawar Zalmi,Peshawar Zalmi,field,Quetta Gladiators,57,1,9.5,4,4,12,2,186,6,8,17,126
1168851,2018/19,National Stadium,2,Peshawar Zalmi,Quetta Gladiators,Peshawar Zalmi,field,Quetta Gladiators,41,1,6.83,0,7,19,2,176,7,7,17,125
1168852,2018/19,National Stadium,1,Peshawar Zalmi,Islamabad United,Islamabad United,field,Peshawar Zalmi,58,0,9.67,2,8,14,2,214,5,11,21,124
1168852,2018/19,National Stadium,2,Islamabad United,Peshawar Zalmi,Islamabad United,field,Peshawar Zalmi,41,2,6.83,1,4,14,1,166,9,7,11,126
1168853,2018/19,National Stadium,1,Peshawar Zalmi,Quetta Gladiators,Quetta Gladiators,field,Quetta Gladiators,41,2,6.83,1,5,18,2,138,8,3,13,122
1168853,2018/19,National Stadium,2,Quetta Gladiators,Peshawar Zalmi,Quetta Gladiators,field,Quetta Gladiators,57,1,9.5,2,7,17,7,139,2,2,15,111
1211642,2019/20,National Stadium,1,Islamabad United,Quetta Gladiators,Quetta Gladiators,field,Quetta Gladiators,55,2,9.17,1,8,16,6,168,10,4,17,119
1211642,2019/20,National Stadium,2,Quetta Gladiators,Islamabad United,Quetta Gladiators,field,Quetta Gladiators,36,3,6.0,1,4,18,2,171,7,7,16,114
1211643,2019/20,National Stadium,1,Karachi Kings,Peshawar Zalmi,Peshawar Zalmi,field,Karachi Kings,57,1,9.5,2,6,12,5,201,4,9,16,127
1211643,2019/20,National Stadium,2,Peshawar Zalmi,Karachi Kings,Peshawar Zalmi,field,Karachi Kings,50,2,8.33,1,7,14,0,191,7,7,13,124
1211644,2019/20,Gaddafi Stadium,1,Lahore Qalandars,Multan Sultans,Multan Sultans,field,Multan Sultans,61,2,10.17,4,6,16,1,138,8,7,11,122
1211644,2019/20,Gaddafi Stadium,2,Multan Sultans,Lahore Qalandars,Multan Sultans,field,Multan Sultans,54,2,9.0,1,7,16,5,142,5,4,13,104
1211645,2019/20,National Stadium,1,Quetta Gladiators,Peshawar Zalmi,Peshawar Zalmi,field,Peshawar Zalmi,36,1,6.0,2,3,20,1,148,5,4,12,122
1211645,2019/20,National Stadium,2,Peshawar Zalmi,Quetta Gladiators,Peshawar Zalmi,field,Peshawar Zalmi,69,1,11.5,4,9,17,3,153,4,6,16,115
1211646,2019/20,Gaddafi Stadium,1,Multan Sultans,Islamabad United,Islamabad United,field,Islamabad United,42,1,7.0,0,6,12,3,164,8,5,16,122
1211646,2019/20,Gaddafi Stadium,2,Islamabad United,Multan Sultans,Islamabad United,field,Islamabad United,63,0,10.5,3,7,12,3,165,2,7,17,104
1211647,2019/20,National Stadium,1,Karachi Kings,Quetta Gladiators,Karachi Kings,bat,Quetta Gladiators,40,1,6.67,0,6,20,5,156,9,4,14,122
1211647,2019/20,National Stadium,2,Quetta Gladiators,Karachi Kings,Karachi Kings,bat,Quetta Gladiators,41,1,6.83,2,3,15,0,157,5,6,12,115
1211648,2019/20,Gaddafi Stadium,1,Lahore Qalandars,Islamabad United,Islamabad United,field,Islamabad United,57,1,9.5,1,9,15,4,182,6,9,16,122
1211648,2019/20,Gaddafi Stadium,2,Islamabad United,Lahore Qalandars,Islamabad United,field,Islamabad United,51,2,8.5,1,6,15,5,183,9,10,14,124
1211649,2019/20,Multan Cricket Stadium,1,Peshawar Zalmi,Multan Sultans,Multan Sultans,field,Multan Sultans,48,4,8.0,2,7,21,1,123,10,2,15,115
1211649,2019/20,Multan Cricket Stadium,2,Multan Sultans,Peshawar Zalmi,Multan Sultans,field,Multan Sultans,47,3,7.83,1,8,20,1,124,4,3,16,93
1211650,2019/20,Rawalpindi Cricket Stadium,1,Islamabad United,Quetta Gladiators,Quetta Gladiators,field,Quetta Gladiators,57,3,9.5,5,3,16,4,187,7,12,13,124
1211650,2019/20,Rawalpindi Cricket Stadium,2,Quetta Gladiators,Islamabad United,Quetta Gladiators,field,Quetta Gladiators,50,1,8.33,2,7,20,2,190,5,8,19,122
1211651,2019/20,Multan Cricket Stadium,1,Multan Sultans,Karachi Kings,Karachi Kings,field,Multan Sultans,48,1,8.0,2,4,12,1,186,6,7,15,122
1211651,2019/20,Multan Cricket Stadium,2,Karachi Kings,Multan Sultans,Karachi Kings,field,Multan Sultans,55,2,9.17,2,7,14,0,134,10,7,10,104
1211652,2019/20,Rawalpindi Cricket Stadium,1,Peshawar Zalmi,Lahore Qalandars,Lahore Qalandars,field,Peshawar Zalmi,86,2,14.33,6,7,10,3,132,7,10,8,75
1211652,2019/20,Rawalpindi Cricket Stadium,2,Lahore Qalandars,Peshawar Zalmi,Lahore Qalandars,field,Peshawar Zalmi,54,2,9.0,2,5,10,2,116,6,5,12,74
1211653,2019/20,Multan Cricket Stadium,1,Multan Sultans,Quetta Gladiators,Multan Sultans,bat,Multan Sultans,39,1,6.5,0,7,19,1,199,5,6,24,127
1211653,2019/20,Multan Cricket Stadium,2,Quetta Gladiators,Multan Sultans,Multan Sultans,bat,Multan Sultans,54,0,9.0,1,10,18,2,169,7,8,18,122
1211655,2019/20,Rawalpindi Cricket Stadium,1,Islamabad United,Karachi Kings,Karachi Kings,field,Karachi Kings,47,1,7.83,1,6,17,5,183,3,8,15,123
1211655,2019/20,Rawalpindi Cricket Stadium,2,Karachi Kings,Islamabad United,Karachi Kings,field,Karachi Kings,64,2,10.67,5,6,18,1,187,5,12,13,115
1211656,2019/20,Rawalpindi Cricket Stadium,1,Peshawar Zalmi,Karachi Kings,Karachi Kings,field,Karachi Kings,28,3,4.67,0,4,22,1,151,8,3,12,127
1211656,2019/20,Rawalpindi Cricket Stadium,2,Karachi Kings,Peshawar Zalmi,Karachi Kings,field,Karachi Kings,55,1,9.17,1,8,15,3,152,4,2,21,113
1211657,2019/20,Gaddafi Stadium,1,Lahore Qalandars,Quetta Gladiators,Quetta Gladiators,field,Lahore Qalandars,47,1,7.83,1,7,15,0,209,5,13,18,121
1211657,2019/20,Gaddafi Stadium,2,Quetta Gladiators,Lahore Qalandars,Quetta Gladiators,field,Lahore Qalandars,51,3,8.5,2,4,12,6,172,10,9,14,127
1211658,2019/20,Gaddafi Stadium,1,Islamabad United,Lahore Qalandars,Lahore Qalandars,field,Islamabad United,50,0,8.33,2,5,12,1,198,3,6,23,122
1211658,2019/20,Gaddafi Stadium,2,Lahore Qalandars,Islamabad United,Lahore Qalandars,field,Islamabad United,35,2,5.83,0,5,20,2,127,10,7,9,117
1211659,2019/20,Rawalpindi Cricket Stadium,1,Peshawar Zalmi,Quetta Gladiators,Quetta Gladiators,field,Peshawar Zalmi,45,2,7.5,2,4,15,2,170,6,8,17,94
1211659,2019/20,Rawalpindi Cricket Stadium,2,Quetta Gladiators,Peshawar Zalmi,Quetta Gladiators,field,Peshawar Zalmi,59,1,9.83,1,8,16,7,140,7,7,11,92
1211660,2019/20,Gaddafi Stadium,1,Multan Sultans,Karachi Kings,Karachi Kings,field,No result,41,3,6.83,1,3,15,2,102,6,4,5,102
1211661,2019/20,Rawalpindi Cricket Stadium,1,Islamabad United,Peshawar Zalmi,Peshawar Zalmi,field,Peshawar Zalmi,59,2,9.83,3,5,17,4,195,5,9,11,122
1211661,2019/20,Rawalpindi Cricket Stadium,2,Peshawar Zalmi,Islamabad United,Peshawar Zalmi,field,Peshawar Zalmi,61,1,10.17,1,8,10,3,85,2,2,9,57
1211662,2019/20,Gaddafi Stadium,1,Quetta Gladiators,Lahore Qalandars,Lahore Qalandars,field,Lahore Qalandars,21,6,3.5,0,2,23,2,98,9,2,8,130
1211662,2019/20,Gaddafi Stadium,2,Lahore Qalandars,Quetta Gladiators,Lahore Qalandars,field,Lahore Qalandars,35,2,5.83,1,3,20,2,100,2,3,10,72
1211663,2019/20,Rawalpindi Cricket Stadium,1,Islamabad United,Multan Sultans,Multan Sultans,field,Multan Sultans,68,3,11.33,4,5,9,6,91,7,5,6,57
1211663,2019/20,Rawalpindi Cricket Stadium,2,Multan Sultans,Islamabad United,Multan Sultans,field,Multan Sultans,84,1,14.0,1,15,6,3,94,1,1,17,42
1211664,2019/20,Gaddafi Stadium,1,Karachi Kings,Lahore Qalandars,Lahore Qalandars,field,Lahore Qalandars,48,1,8.0,0,9,15,1,187,5,10,17,121
1211664,2019/20,Gaddafi Stadium,2,Lahore Qalandars,Karachi Kings,Lahore Qalandars,field,Lahore Qalandars,32,1,5.33,1,2,18,4,190,2,14,10,120
1211665,2019/20,Gaddafi Stadium,1,Peshawar Zalmi,Lahore Qalandars,Lahore Qalandars,field,Lahore Qalandars,42,3,7.0,1,5,16,0,187,7,8,16,124
1211665,2019/20,Gaddafi Stadium,2,Lahore Qalandars,Peshawar Zalmi,Lahore Qalandars,field,Lahore Qalandars,49,0,8.17,2,4,11,2,189,5,8,16,122
1211667,2019/20,National Stadium,1,Lahore Qalandars,Karachi Kings,Karachi Kings,field,Karachi Kings,49,1,8.17,0,8,13,1,150,5,3,15,123
1211667,2019/20,National Stadium,2,Karachi Kings,Lahore Qalandars,Karachi Kings,field,Karachi Kings,52,0,8.67,1,7,12,1,151,0,6,13,106
1211668,2019/20,National Stadium,1,Multan Sultans,Peshawar Zalmi,Peshawar Zalmi,field,Multan Sultans,39,1,6.5,0,5,15,2,154,6,4,13,124
1211668,2019/20,National Stadium,2,Peshawar Zalmi,Multan Sultans,Peshawar Zalmi,field,Multan Sultans,32,2,5.33,1,2,20,2,151,8,4,11,128
1211669,2019/20,National Stadium,1,Islamabad United,Karachi Kings,Karachi Kings,field,Karachi Kings,47,1,7.83,1,5,13,1,136,6,1,12,124
1211669,2019/20,National Stadium,2,Karachi Kings,Islamabad United,Karachi Kings,field,Karachi Kings,60,2,10.0,4,6,20,4,137,6,7,10,122
1211670,2019/20,Gaddafi Stadium,1,Multan Sultans,Lahore Qalandars,Lahore Qalandars,field,Lahore Qalandars,36,2,6.0,0,4,14,1,186,6,7,16,125
1211670,2019/20,Gaddafi Stadium,2,Lahore Qalandars,Multan Sultans,Lahore Qalandars,field,Lahore Qalandars,72,0,12.0,1,12,9,0,191,1,10,21,115
1211671,2019/20,National Stadium,1,Karachi Kings,Quetta Gladiators,Karachi Kings,bat,Quetta Gladiators,36,2,6.0,0,4,16,2,150,5,3,13,123
1211671,2019/20,National Stadium,2,Quetta Gladiators,Karachi Kings,Karachi Kings,bat,Quetta Gladiators,59,1,9.83,1,10,14,2,154,5,6,18,100
1211672,2020/21,"National Stadium, Karachi",1,Multan Sultans,Karachi Kings,Karachi Kings,field,No result,38,3,6.33,1,3,16,0,141,7,6,7,120
1211672,2020/21,"National Stadium, Karachi",2,Karachi Kings,Multan Sultans,Karachi Kings,field,No result,46,1,7.67,0,8,16,1,141,8,3,12,122
1211672,2020/21,"National Stadium, Karachi",3,Karachi Kings,Multan Sultans,Karachi Kings,field,No result,13,2,2.17,1,1,2,1,13,2,1,1,7
1211672,2020/21,"National Stadium, Karachi",4,Multan Sultans,Karachi Kings,Karachi Kings,field,No result,9,0,1.5,0,0,0,2,9,0,0,0,8
1211673,2020/21,National Stadium,1,Peshawar Zalmi,Lahore Qalandars,Lahore Qalandars,field,Lahore Qalandars,38,2,6.33,3,1,18,1,170,9,10,8,122
1211673,2020/21,National Stadium,2,Lahore Qalandars,Peshawar Zalmi,Lahore Qalandars,field,Lahore Qalandars,41,3,6.83,1,6,19,0,171,5,5,18,116
1211675,2020/21,National Stadium,1,Lahore Qalandars,Multan Sultans,Multan Sultans,field,Lahore Qalandars,54,2,9.0,1,7,15,4,182,6,5,21,124
1211675,2020/21,National Stadium,2,Multan Sultans,Lahore Qalandars,Multan Sultans,field,Lahore Qalandars,63,1,10.5,4,5,13,1,157,10,6,10,118
1231146,2020/21,National Stadium,1,Lahore Qalandars,Karachi Kings,Lahore Qalandars,bat,Karachi Kings,37,0,6.17,0,5,19,6,134,7,2,12,125
1231146,2020/21,National Stadium,2,Karachi Kings,Lahore Qalandars,Lahore Qalandars,bat,Karachi Kings,43,1,7.17,0,5,14,3,135,5,0,13,117
1247011,2020/21,National Stadium,1,Quetta Gladiators,Karachi Kings,Karachi Kings,field,Karachi Kings,49,2,8.17,2,6,17,2,121,10,4,12,116
1247011,2020/21,National Stadium,2,Karachi Kings,Quetta Gladiators,Karachi Kings,field,Karachi Kings,60,2,10.0,3,7,16,5,126,3,6,13,85
1247012,2020/21,National Stadium,1,Peshawar Zalmi,Lahore Qalandars,Lahore Qalandars,field,Lahore Qalandars,36,3,6.0,0,6,21,3,140,6,4,12,123
1247012,2020/21,National Stadium,2,Lahore Qalandars,Peshawar Zalmi,Lahore Qalandars,field,Lahore Qalandars,38,2,6.33,1,4,18,1,143,6,3,17,112
1247013,2020/21,National Stadium,1,Multan Sultans,Islamabad United,Islamabad United,field,Islamabad United,39,1,6.5,2,4,19,1,150,8,6,13,121
1247013,2020/21,National Stadium,2,Islamabad United,Multan Sultans,Islamabad United,field,Islamabad United,48,2,8.0,2,5,14,2,151,7,5,15,118
1247014,2020/21,National Stadium,1,Quetta Gladiators,Lahore Qalandars,Lahore Qalandars,field,Lahore Qalandars,38,2,6.33,0,5,15,1,178,6,8,12,126
1247014,2020/21,National Stadium,2,Lahore Qalandars,Quetta Gladiators,Lahore Qalandars,field,Lahore Qalandars,48,0,8.0,0,8,15,1,179,1,8,16,112
1247015,2020/21,National Stadium,1,Multan Sultans,Peshawar Zalmi,Peshawar Zalmi,field,Peshawar Zalmi,46,1,7.67,1,6,16,1,193,4,8,17,125
1247015,2020/21,National Stadium,2,Peshawar Zalmi,Multan Sultans,Peshawar Zalmi,field,Peshawar Zalmi,56,0,9.33,2,8,14,0,197,4,7,20,118
1247016,2020/21,National Stadium,1,Karachi Kings,Islamabad United,Islamabad United,field,Islamabad United,33,0,5.5,0,6,21,0,196,3,10,17,128
1247016,2020/21,National Stadium,2,Islamabad United,Karachi Kings,Islamabad United,field,Islamabad United,77,3,12.83,3,9,14,10,197,5,8,17,122
1247017,2020/21,National Stadium,1,Lahore Qalandars,Multan Sultans,Multan Sultans,field,Multan Sultans,25,2,4.17,0,3,22,1,157,6,9,10,125
1247017,2020/21,National Stadium,2,Multan Sultans,Lahore Qalandars,Multan Sultans,field,Multan Sultans,58,2,9.67,0,10,14,3,159,3,2,20,110
1247018,2020/21,National Stadium,1,Quetta Gladiators,Peshawar Zalmi,Peshawar Zalmi,field,Peshawar Zalmi,42,1,7.0,1,6,20,0,198,7,4,26,126
1247018,2020/21,National Stadium,2,Peshawar Zalmi,Quetta Gladiators,Peshawar Zalmi,field,Peshawar Zalmi,58,2,9.67,2,6,15,5,202,7,12,13,125
1247019,2020/21,National Stadium,1,Multan Sultans,Karachi Kings,Karachi Kings,field,Karachi Kings,72,1,12.0,1,11,12,11,195,6,4,18,129
1247019,2020/21,National Stadium,2,Karachi Kings,Multan Sultans,Karachi Kings,field,Karachi Kings,68,1,11.33,1,10,11,5,198,3,6,23,117
1247020,2020/21,National Stadium,1,Islamabad United,Peshawar Zalmi,Peshawar Zalmi,field,Peshawar Zalmi,47,3,7.83,1,6,14,0,118,10,3,9,104
1247020,2020/21,National Stadium,2,Peshawar Zalmi,Islamabad United,Peshawar Zalmi,field,Peshawar Zalmi,26,2,4.33,0,3,21,1,122,4,6,8,105
1247021,2020/21,National Stadium,1,Karachi Kings,Lahore Qalandars,Lahore Qalandars,field,Lahore Qalandars,53,3,8.83,4,4,21,5,186,9,9,17,127
1247021,2020/21,National Stadium,2,Lahore Qalandars,Karachi Kings,Lahore Qalandars,field,Lahore Qalandars,46,3,7.67,3,4,19,1,189,4,10,17,118
1247022,2020/21,National Stadium,1,Quetta Gladiators,Islamabad United,Islamabad United,field,Islamabad United,41,4,6.83,0,4,16,10,156,7,6,10,126
1247022,2020/21,National Stadium,2,Islamabad United,Quetta Gladiators,Islamabad United,field,Islamabad United,76,1,12.67,2,13,11,1,157,4,4,21,107
1247023,2020/21,National Stadium,1,Peshawar Zalmi,Karachi Kings,Karachi Kings,field,Karachi Kings,39,3,6.5,1,5,19,2,188,5,7,17,131
1247023,2020/21,National Stadium,2,Karachi Kings,Peshawar Zalmi,Karachi Kings,field,Karachi Kings,37,2,6.17,0,6,19,1,191,4,8,20,122
1247024,2020/21,National Stadium,1,Quetta Gladiators,Multan Sultans,Multan Sultans,field,Quetta Gladiators,55,0,9.17,1,8,13,0,176,7,5,20,123
1247024,2020/21,National Stadium,2,Multan Sultans,Quetta Gladiators,Multan Sultans,field,Quetta Gladiators,53,0,8.83,1,8,14,2,154,10,4,16,124
1247025,2021,"Sheikh Zayed Stadium, Abu Dhabi",1,Multan Sultans,Karachi Kings,Karachi Kings,field,Multan Sultans,60,2,10.0,2,7,12,1,176,5,4,18,123
1247025,2021,"Sheikh Zayed Stadium, Abu Dhabi",2,Karachi Kings,Multan Sultans,Karachi Kings,field,Multan Sultans,31,1,5.17,1,1,20,6,164,7,7,11,126
1247026,2021,"Sheikh Zayed Stadium, Abu Dhabi",1,Lahore Qalandars,Peshawar Zalmi,Peshawar Zalmi,field,Lahore Qalandars,18,3,3.0,0,1,23,0,170,8,10,7,124
1247026,2021,"Sheikh Zayed Stadium, Abu Dhabi",2,Peshawar Zalmi,Lahore Qalandars,Peshawar Zalmi,field,Lahore Qalandars,33,2,5.5,0,4,16,0,160,8,9,13,123
1247027,2021,"Sheikh Zayed Stadium, Abu Dhabi",1,Islamabad United,Lahore Qalandars,Lahore Qalandars,field,Lahore Qalandars,43,3,7.17,1,6,18,3,143,9,4,13,123
1247027,2021,"Sheikh Zayed Stadium, Abu Dhabi",2,Lahore Qalandars,Islamabad United,Lahore Qalandars,field,Lahore Qalandars,38,1,6.33,1,4,18,2,144,5,3,16,121
1247028,2021,"Sheikh Zayed Stadium, Abu Dhabi",1,Quetta Gladiators,Islamabad United,Islamabad United,field,Islamabad United,36,1,6.0,0,3,17,9,133,10,5,7,127
1247028,2021,"Sheikh Zayed Stadium, Abu Dhabi",2,Islamabad United,Quetta Gladiators,Islamabad United,field,Islamabad United,97,0,16.17,4,14,8,3,137,0,6,18,65
1247029,2021,"Sheikh Zayed Stadium, Abu Dhabi",1,Islamabad United,Lahore Qalandars,Islamabad United,bat,Islamabad United,20,4,3.33,0,1,20,2,152,7,5,13,123
1247029,2021,"Sheikh Zayed Stadium, Abu Dhabi",2,Lahore Qalandars,Islamabad United,Islamabad United,bat,Islamabad United,55,1,9.17,1,9,15,2,124,10,5,12,113
1247030,2021,"Sheikh Zayed Stadium, Abu Dhabi",1,Peshawar Zalmi,Quetta Gladiators,Quetta Gladiators,field,Peshawar Zalmi,22,2,3.67,0,1,19,3,197,5,11,14,126
1247030,2021,"Sheikh Zayed Stadium, Abu Dhabi",2,Quetta Gladiators,Peshawar Zalmi,Quetta Gladiators,field,Peshawar Zalmi,43,0,7.17,1,4,15,4,136,9,3,12,124
1247031,2021,"Sheikh Zayed Stadium, Abu Dhabi",1,Peshawar Zalmi,Multan Sultans,Multan Sultans,field,Multan Sultans,52,0,8.67,0,6,13,10,166,7,6,12,126
1247031,2021,"Sheikh Zayed Stadium, Abu Dhabi",2,Multan Sultans,Peshawar Zalmi,Multan Sultans,field,Multan Sultans,59,1,9.83,1,7,12,9,167,2,7,15,104
1247032,2021,"Sheikh Zayed Stadium, Abu Dhabi",1,Karachi Kings,Islamabad United,Islamabad United,field,Islamabad United,56,1,9.33,3,3,13,4,190,4,9,14,125
1247032,2021,"Sheikh Zayed Stadium, Abu Dhabi",2,Islamabad United,Karachi Kings,Islamabad United,field,Islamabad United,43,2,7.17,0,3,14,12,191,2,7,18,121
1247033,2021,"Sheikh Zayed Stadium, Abu Dhabi",1,Quetta Gladiators,Lahore Qalandars,Lahore Qalandars,field,Quetta Gladiators,44,1,7.33,1,6,20,5,158,5,3,18,127
1247033,2021,"Sheikh Zayed Stadium, Abu Dhabi",2,Lahore Qalandars,Quetta Gladiators,Lahore Qalandars,field,Quetta Gladiators,40,4,6.67,1,2,17,4,140,10,6,11,112
1247034,2021,"Sheikh Zayed Stadium, Abu Dhabi",1,Karachi Kings,Peshawar Zalmi,Peshawar Zalmi,field,Peshawar Zalmi,33,3,5.5,1,2,22,5,108,9,5,6,126
1247034,2021,"Sheikh Zayed Stadium, Abu Dhabi",2,Peshawar Zalmi,Karachi Kings,Peshawar Zalmi,field,Peshawar Zalmi,76,1,12.67,3,11,17,6,109,4,4,13,75
1247035,2021,"Sheikh Zayed Stadium, Abu Dhabi",1,Multan Sultans,Quetta Gladiators,Quetta Gladiators,field,Multan Sultans,50,0,8.33,0,7,11,1,183,5,7,14,124
1247035,2021,"Sheikh Zayed Stadium, Abu Dhabi",2,Quetta Gladiators,Multan Sultans,Quetta Gladiators,field,Multan Sultans,36,3,6.0,2,3,20,2,73,10,2,7,74
1247036,2021,"Sheikh Zayed Stadium, Abu Dhabi",1,Islamabad United,Peshawar Zalmi,Peshawar Zalmi,field,Islamabad United,54,0,9.0,1,7,11,3,247,2,13,25,124
1247036,2021,"Sheikh Zayed Stadium, Abu Dhabi",2,Peshawar Zalmi,Islamabad United,Peshawar Zalmi,field,Islamabad United,55,2,9.17,1,7,13,7,232,6,12,20,126
1247037,2021,"Sheikh Zayed Stadium, Abu Dhabi",1,Karachi Kings,Lahore Qalandars,Karachi Kings,bat,Karachi Kings,43,1,7.17,2,2,12,3,176,5,7,14,126
1247037,2021,"Sheikh Zayed Stadium, Abu Dhabi",2,Lahore Qalandars,Karachi Kings,Karachi Kings,bat,Karachi Kings,49,1,8.17,3,4,18,6,169,7,10,12,125
1247038,2021,"Sheikh Zayed Stadium, Abu Dhabi",1,Multan Sultans,Lahore Qalandars,Lahore Qalandars,field,Multan Sultans,50,2,8.33,1,5,18,11,169,8,6,16,125
1247038,2021,"Sheikh Zayed Stadium, Abu Dhabi",2,Lahore Qalandars,Multan Sultans,Lahore Qalandars,field,Multan Sultans,34,3,5.67,1,3,18,1,89,10,3,6,92
1247039,2021,"Sheikh Zayed Stadium, Abu Dhabi",1,Karachi Kings,Quetta Gladiators,Karachi Kings,bat,Karachi Kings,42,0,7.0,2,3,21,7,176,7,12,11,124
1247039,2021,"Sheikh Zayed Stadium, Abu Dhabi",2,Quetta Gladiators,Karachi Kings,Karachi Kings,bat,Karachi Kings,44,1,7.33,3,4,21,1,162,6,5,18,125
1247040,2021,"Sheikh Zayed Stadium, Abu Dhabi",1,Multan Sultans,Islamabad United,Islamabad United,field,Islamabad United,61,0,10.17,0,9,13,8,149,10,4,15,128
1247040,2021,"Sheikh Zayed Stadium, Abu Dhabi",2,Islamabad United,Multan Sultans,Islamabad United,field,Islamabad United,54,1,9.0,3,6,17,3,150,6,5,13,122
1247041,2021,"Sheikh Zayed Stadium, Abu Dhabi",1,Multan Sultans,Islamabad United,Multan Sultans,bat,Multan Sultans,44,1,7.33,2,5,19,0,180,5,11,15,120
1247041,2021,"Sheikh Zayed Stadium, Abu Dhabi",2,Islamabad United,Multan Sultans,Multan Sultans,bat,Multan Sultans,38,3,6.33,0,5,16,0,149,10,3,16,115
1247042,2021,"Sheikh Zayed Stadium, Abu Dhabi",1,Karachi Kings,Peshawar Zalmi,Peshawar Zalmi,field,Peshawar Zalmi,41,1,6.83,0,7,16,1,175,7,5,17,124
1247042,2021,"Sheikh Zayed Stadium, Abu Dhabi",2,Peshawar Zalmi,Karachi Kings,Peshawar Zalmi,field,Peshawar Zalmi,55,1,9.17,3,7,18,0,176,5,7,18,125
1247043,2021,"Sheikh Zayed Stadium, Abu Dhabi",1,Islamabad United,Peshawar Zalmi,Peshawar Zalmi,field,Peshawar Zalmi,57,2,9.5,1,8,13,4,174,9,8,17,121
1247043,2021,"Sheikh Zayed Stadium, Abu Dhabi",2,Peshawar Zalmi,Islamabad United,Peshawar Zalmi,field,Peshawar Zalmi,48,1,8.0,0,7,18,9,177,2,8,19,108
1247044,2021,"Sheikh Zayed Stadium, Abu Dhabi",1,Multan Sultans,Peshawar Zalmi,Peshawar Zalmi,field,Multan Sultans,42,0,7.0,1,5,17,3,206,4,9,19,126
1247044,2021,"Sheikh Zayed Stadium, Abu Dhabi",2,Peshawar Zalmi,Multan Sultans,Peshawar Zalmi,field,Multan Sultans,42,1,7.0,2,5,22,0,159,9,8,13,128
1293000,2021/22,"National Stadium, Karachi",1,Karachi Kings,Multan Sultans,Multan Sultans,field,Multan Sultans,41,0,6.83,1,4,12,1,124,5,3,6,123
1293000,2021/22,"National Stadium, Karachi",2,Multan Sultans,Karachi Kings,Multan Sultans,field,Multan Sultans,44,1,7.33,2,4,17,0,126,3,5,7,112
1293001,2021/22,"National Stadium, Karachi",1,Quetta Gladiators,Peshawar Zalmi,Peshawar Zalmi,field,Peshawar Zalmi,62,0,10.33,2,9,13,3,190,4,7,21,124
1293001,2021/22,"National Stadium, Karachi",2,Peshawar Zalmi,Quetta Gladiators,Peshawar Zalmi,field,Peshawar Zalmi,62,2,10.33,3,8,15,3,191,5,9,18,122
1293002,2021/22,"National Stadium, Karachi",1,Lahore Qalandars,Multan Sultans,Multan Sultans,field,Multan Sultans,67,0,11.17,1,11,10,0,206,5,9,19,124
1293002,2021/22,"National Stadium, Karachi",2,Multan Sultans,Lahore Qalandars,Multan Sultans,field,Multan Sultans,66,0,11.0,2,10,12,2,209,5,6,26,124
1293003,2021/22,"National Stadium, Karachi",1,Karachi Kings,Quetta Gladiators,Quetta Gladiators,field,Quetta Gladiators,33,4,5.5,0,5,20,0,113,10,3,11,107
1293003,2021/22,"National Stadium, Karachi",2,Quetta Gladiators,Karachi Kings,Quetta Gladiators,field,Quetta Gladiators,51,0,8.5,1,8,19,6,114,2,1,14,97
1293004,2021/22,"National Stadium, Karachi",1,Peshawar Zalmi,Islamabad United,Islamabad United,field,Islamabad United,35,3,5.83,0,7,22,0,168,6,4,19,128
1293004,2021/22,"National Stadium, Karachi",2,Islamabad United,Peshawar Zalmi,Islamabad United,field,Islamabad United,78,0,13.0,2,14,12,0,172,1,6,21,96
1293005,2021/22,"National Stadium, Karachi",1,Karachi Kings,Lahore Qalandars,Lahore Qalandars,field,Lahore Qalandars,48,0,8.0,0,9,17,2,170,7,4,18,124
1293005,2021/22,"National Stadium, Karachi",2,Lahore Qalandars,Karachi Kings,Lahore Qalandars,field,Lahore Qalandars,52,2,8.67,1,7,12,2,174,4,4,22,120
1293006,2021/22,"National Stadium, Karachi",1,Multan Sultans,Quetta Gladiators,Quetta Gladiators,field,Multan Sultans,46,1,7.67,1,5,15,4,174,4,8,11,126
1293006,2021/22,"National Stadium, Karachi",2,Quetta Gladiators,Multan Sultans,Quetta Gladiators,field,Multan Sultans,48,2,8.0,2,6,18,2,168,10,7,13,124
1293007,2021/22,"National Stadium, Karachi",1,Multan Sultans,Islamabad United,Islamabad United,field,Multan Sultans,43,1,7.17,1,7,20,1,217,5,14,21,121
1293007,2021/22,"National Stadium, Karachi",2,Islamabad United,Multan Sultans,Islamabad United,field,Multan Sultans,69,2,11.5,2,10,8,2,197,10,12,15,124
1293008,2021/22,"National Stadium, Karachi",1,Lahore Qalandars,Peshawar Zalmi,Peshawar Zalmi,field,Lahore Qalandars,61,0,10.17,2,6,9,1,199,4,10,15,122
1293008,2021/22,"National Stadium, Karachi",2,Peshawar Zalmi,Lahore Qalandars,Peshawar Zalmi,field,Lahore Qalandars,48,1,8.0,1,4,9,5,170,9,8,11,122
1293009,2021/22,"National Stadium, Karachi",1,Islamabad United,Quetta Gladiators,Quetta Gladiators,field,Islamabad United,81,1,13.5,3,12,10,1,229,4,15,17,123
1293009,2021/22,"National Stadium, Karachi",2,Quetta Gladiators,Islamabad United,Quetta Gladiators,field,Islamabad United,54,1,9.0,1,7,12,2,186,10,9,15,125
1293010,2021/22,"National Stadium, Karachi",1,Peshawar Zalmi,Karachi Kings,Karachi Kings,field,Peshawar Zalmi,53,1,8.83,2,6,17,2,173,4,6,12,124
1293010,2021/22,"National Stadium, Karachi",2,Karachi Kings,Peshawar Zalmi,Karachi Kings,field,Peshawar Zalmi,43,2,7.17,0,8,19,1,164,6,3,19,124
1293011,2021/22,"National Stadium, Karachi",1,Lahore Qalandars,Islamabad United,Islamabad United,field,Lahore Qalandars,73,0,12.17,1,10,6,7,174,9,3,20,123
1293011,2021/22,"National Stadium, Karachi",2,Islamabad United,Lahore Qalandars,Islamabad United,field,Lahore Qalandars,52,2,8.67,4,5,20,2,166,5,10,11,123
1293012,2021/22,"National Stadium, Karachi",1,Multan Sultans,Peshawar Zalmi,Peshawar Zalmi,field,Multan Sultans,61,0,10.17,0,9,7,2,222,3,12,16,123
1293012,2021/22,"National Stadium, Karachi",2,Peshawar Zalmi,Multan Sultans,Peshawar Zalmi,field,Multan Sultans,57,2,9.5,2,8,15,2,165,8,8,14,125
1293013,2021/22,"National Stadium, Karachi",1,Islamabad United,Karachi Kings,Islamabad United,bat,Islamabad United,53,0,8.83,2,6,13,2,177,6,7,14,123
1293013,2021/22,"National Stadium, Karachi",2,Karachi Kings,Islamabad United,Islamabad United,bat,Islamabad United,35,2,5.83,0,5,17,0,135,9,3,15,120
1293014,2021/22,"National Stadium, Karachi",1,Lahore Qalandars,Quetta Gladiators,Quetta Gladiators,field,Quetta Gladiators,44,0,7.33,2,2,12,1,204,5,13,9,123
1293014,2021/22,"National Stadium, Karachi",2,Quetta Gladiators,Lahore Qalandars,Quetta Gladiators,field,Quetta Gladiators,74,1,12.33,4,8,11,5,207,3,10,18,120
1293015,2021/22,"Gaddafi Stadium, Lahore",1,Multan Sultans,Peshawar Zalmi,Peshawar Zalmi,field,Multan Sultans,53,0,8.83,0,9,14,5,182,7,6,15,125
1293015,2021/22,"Gaddafi Stadium, Lahore",2,Peshawar Zalmi,Multan Sultans,Peshawar Zalmi,field,Multan Sultans,42,3,7.0,2,5,21,0,140,10,7,11,120
1293016,2021/22,"Gaddafi Stadium, Lahore",1,Lahore Qalandars,Multan Sultans,Multan Sultans,field,Lahore Qalandars,56,1,9.33,0,10,12,2,182,4,6,16,124
1293016,2021/22,"Gaddafi Stadium, Lahore",2,Multan Sultans,Lahore Qalandars,Multan Sultans,field,Lahore Qalandars,38,1,6.33,0,5,15,1,130,10,3,10,121
1293017,2021/22,"Gaddafi Stadium, Lahore",1,Islamabad United,Quetta Gladiators,Quetta Gladiators,field,Quetta Gladiators,58,1,9.67,4,4,13,4,199,8,11,14,129
1293017,2021/22,"Gaddafi Stadium, Lahore",2,Quetta Gladiators,Islamabad United,Quetta Gladiators,field,Quetta Gladiators,72,0,12.0,1,11,10,8,203,5,8,19,125
1293018,2021/22,"Gaddafi Stadium, Lahore",1,Peshawar Zalmi,Karachi Kings,Karachi Kings,field,Peshawar Zalmi,51,0,8.5,2,4,15,6,193,6,5,18,123
1293018,2021/22,"Gaddafi Stadium, Lahore",2,Karachi Kings,Peshawar Zalmi,Karachi Kings,field,Peshawar Zalmi,33,1,5.5,1,3,18,0,138,6,4,9,122
1293019,2021/22,"Gaddafi Stadium, Lahore",1,Quetta Gladiators,Lahore Qalandars,Lahore Qalandars,field,Lahore Qalandars,39,4,6.5,0,6,17,3,141,7,4,11,124
1293019,2021/22,"Gaddafi Stadium, Lahore",2,Lahore Qalandars,Quetta Gladiators,Lahore Qalandars,field,Lahore Qalandars,41,1,6.83,0,6,17,5,143,2,2,13,109
1293020,2021/22,"Gaddafi Stadium, Lahore",1,Islamabad United,Karachi Kings,Karachi Kings,field,Islamabad United,47,2,7.83,2,4,18,7,191,7,11,12,123
1293020,2021/22,"Gaddafi Stadium, Lahore",2,Karachi Kings,Islamabad United,Karachi Kings,field,Islamabad United,49,2,8.17,1,9,20,0,190,8,7,21,124
1293021,2021/22,"Gaddafi Stadium, Lahore",1,Peshawar Zalmi,Quetta Gladiators,Peshawar Zalmi,bat,Peshawar Zalmi,53,2,8.83,0,10,15,1,185,7,5,21,126
1293021,2021/22,"Gaddafi Stadium, Lahore",2,Quetta Gladiators,Peshawar Zalmi,Peshawar Zalmi,bat,Peshawar Zalmi,50,2,8.33,0,8,13,1,161,8,3,18,124
1293022,2021/22,"Gaddafi Stadium, Lahore",1,Karachi Kings,Multan Sultans,Karachi Kings,bat,Multan Sultans,40,1,6.67,0,4,17,5,174,6,7,14,126
1293022,2021/22,"Gaddafi Stadium, Lahore",2,Multan Sultans,Karachi Kings,Karachi Kings,bat,Multan Sultans,44,0,7.33,0,6,12,2,176,3,3,18,121
1293023,2021/22,"Gaddafi Stadium, Lahore",1,Peshawar Zalmi,Islamabad United,Peshawar Zalmi,bat,Peshawar Zalmi,74,1,12.33,4,8,11,4,206,8,12,15,126
1293023,2021/22,"Gaddafi Stadium, Lahore",2,Islamabad United,Peshawar Zalmi,Peshawar Zalmi,bat,Peshawar Zalmi,68,2,11.33,5,6,14,2,196,7,14,14,126
1293024,2021/22,"Gaddafi Stadium, Lahore",1,Multan Sultans,Quetta Gladiators,Multan Sultans,bat,Multan Sultans,64,0,10.67,3,6,11,3,245,3,8,24,134
1293024,2021/22,"Gaddafi Stadium, Lahore",2,Quetta Gladiators,Multan Sultans,Multan Sultans,bat,Multan Sultans,66,3,11.0,3,9,13,0,128,10,8,10,97
1293025,2021/22,"Gaddafi Stadium, Lahore",1,Karachi Kings,Lahore Qalandars,Karachi Kings,bat,Karachi Kings,47,2,7.83,1,7,18,2,149,10,2,17,124
1293025,2021/22,"Gaddafi Stadium, Lahore",2,Lahore Qalandars,Karachi Kings,Karachi Kings,bat,Karachi Kings,31,2,5.17,0,4,18,0,127,9,2,9,123
1293026,2021/22,"Gaddafi Stadium, Lahore",1,Lahore Qalandars,Islamabad United,Lahore Qalandars,bat,Lahore Qalandars,48,3,8.0,1,5,13,4,197,6,8,15,123
1293026,2021/22,"Gaddafi Stadium, Lahore",2,Islamabad United,Lahore Qalandars,Lahore Qalandars,bat,Lahore Qalandars,59,2,9.83,2,6,12,3,131,9,3,14,124
1293027,2021/22,"Gaddafi Stadium, Lahore",1,Quetta Gladiators,Karachi Kings,Quetta Gladiators,bat,Quetta Gladiators,46,1,7.67,0,8,17,4,166,4,2,17,122
1293027,2021/22,"Gaddafi Stadium, Lahore",2,Karachi Kings,Quetta Gladiators,Quetta Gladiators,bat,Quetta Gladiators,51,0,8.5,2,6,14,0,143,8,7,8,121
1293028,2021/22,"Gaddafi Stadium, Lahore",1,Islamabad United,Multan Sultans,Islamabad United,bat,Multan Sultans,41,2,6.83,0,5,13,2,105,7,2,8,123
1293028,2021/22,"Gaddafi Stadium, Lahore",2,Multan Sultans,Islamabad United,Islamabad United,bat,Multan Sultans,31,3,5.17,0,4,17,0,111,4,3,6,105
1293029,2021/22,"Gaddafi Stadium, Lahore",1,Peshawar Zalmi,Lahore Qalandars,Peshawar Zalmi,bat,No result,51,2,8.5,1,5,14,6,158,7,3,12,129
1293029,2021/22,"Gaddafi Stadium, Lahore",2,Lahore Qalandars,Peshawar Zalmi,Peshawar Zalmi,bat,No result,53,3,8.83,1,8,17,3,158,8,7,12,124
1293029,2021/22,"Gaddafi Stadium, Lahore",3,Lahore Qalandars,Peshawar Zalmi,Peshawar Zalmi,bat,No result,5,0,0.83,0,0,2,0,5,0,0,0,6
1293029,2021/22,"Gaddafi Stadium, Lahore",4,Peshawar Zalmi,Lahore Qalandars,Peshawar Zalmi,bat,No result,8,0,1.33,0,2,0,0,8,0,0,2,2
1293030,2021/22,"Gaddafi Stadium, Lahore",1,Multan Sultans,Lahore Qalandars,Lahore Qalandars,field,Multan Sultans,45,1,7.5,0,6,14,3,163,2,1,15,123
1293030,2021/22,"Gaddafi Stadium, Lahore",2,Lahore Qalandars,Multan Sultans,Lahore Qalandars,field,Multan Sultans,38,1,6.33,0,5,14,0,135,9,5,7,122
1293031,2021/22,"Gaddafi Stadium, Lahore",1,Peshawar Zalmi,Islamabad United,Peshawar Zalmi,bat,Islamabad United,46,1,7.67,1,6,14,3,169,5,4,19,121
1293031,2021/22,"Gaddafi Stadium, Lahore",2,Islamabad United,Peshawar Zalmi,Peshawar Zalmi,bat,Islamabad United,53,1,8.83,3,5,16,3,170,5,10,11,124
1293032,2021/22,"Gaddafi Stadium, Lahore",1,Lahore Qalandars,Islamabad United,Lahore Qalandars,bat,Lahore Qalandars,36,2,6.0,2,2,17,1,168,7,8,10,123
1293032,2021/22,"Gaddafi Stadium, Lahore",2,Islamabad United,Lahore Qalandars,Lahore Qalandars,bat,Lahore Qalandars,47,4,7.83,2,5,16,1,162,10,6,12,122
1293033,2021/22,"Gaddafi Stadium, Lahore",1,Lahore Qalandars,Multan Sultans,Lahore Qalandars,bat,Lahore Qalandars,41,3,6.83,0,6,15,0,180,5,7,15,121
1293033,2021/22,"Gaddafi Stadium, Lahore",2,Multan Sultans,Lahore Qalandars,Lahore Qalandars,bat,Lahore Qalandars,45,2,7.5,0,4,14,5,138,10,2,14,123
1354924,2022/23,Multan Cricket Stadium,1,Lahore Qalandars,Multan Sultans,Multan Sultans,field,Lahore Qalandars,50,0,8.33,1,6,13,1,175,6,8,12,130
1354924,2022/23,Multan Cricket Stadium,2,Multan Sultans,Lahore Qalandars,Multan Sultans,field,Lahore Qalandars,53,0,8.83,0,9,15,1,174,6,2,18,125
1354925,2022/23,"National Stadium, Karachi",1,Peshawar Zalmi,Karachi Kings,Karachi Kings,field,Peshawar Zalmi,58,2,9.67,3,5,12,1,199,5,7,17,124
1354925,2022/23,"National Stadium, Karachi",2,Karachi Kings,Peshawar Zalmi,Karachi Kings,field,Peshawar Zalmi,46,3,7.67,1,5,17,3,197,5,7,17,131
1354926,2022/23,Multan Cricket Stadium,1,Quetta Gladiators,Multan Sultans,Multan Sultans,field,Multan Sultans,38,3,6.33,1,4,17,2,110,10,3,10,119
1354926,2022/23,Multan Cricket Stadium,2,Multan Sultans,Quetta Gladiators,Multan Sultans,field,Multan Sultans,45,1,7.5,0,7,16,1,111,1,3,11,81
1354927,2022/23,"National Stadium, Karachi",1,Karachi Kings,Islamabad United,Islamabad United,field,Islamabad United,55,1,9.17,1,8,12,4,173,7,6,18,126
1354927,2022/23,"National Stadium, Karachi",2,Islamabad United,Karachi Kings,Islamabad United,field,Islamabad United,45,2,7.5,0,8,19,2,178,6,7,19,112
1354928,2022/23,Multan Cricket Stadium,1,Multan Sultans,Peshawar Zalmi,Peshawar Zalmi,field,Multan Sultans,50,0,8.33,1,5,15,5,210,3,5,26,127
1354928,2022/23,Multan Cricket Stadium,2,Peshawar Zalmi,Multan Sultans,Peshawar Zalmi,field,Multan Sultans,61,1,10.17,5,3,12,3,154,10,10,7,115
1354929,2022/23,"National Stadium, Karachi",1,Quetta Gladiators,Karachi Kings,Karachi Kings,field,Quetta Gladiators,23,3,3.83,0,3,23,1,168,7,5,16,124
1354929,2022/23,"National Stadium, Karachi",2,Karachi Kings,Quetta Gladiators,Karachi Kings,field,Quetta Gladiators,45,3,7.5,0,8,22,9,162,5,4,17,127
1354930,2022/23,Multan Cricket Stadium,1,Multan Sultans,Islamabad United,Islamabad United,field,Multan Sultans,51,1,8.5,2,4,12,4,190,4,8,14,128
1354930,2022/23,Multan Cricket Stadium,2,Islamabad United,Multan Sultans,Islamabad United,field,Multan Sultans,55,2,9.17,3,5,14,0,138,10,5,12,108
1354931,2022/23,"National Stadium, Karachi",1,Karachi Kings,Lahore Qalandars,Lahore Qalandars,field,Karachi Kings,61,0,10.17,2,6,11,6,185,5,8,12,129
1354931,2022/23,"National Stadium, Karachi",2,Lahore Qalandars,Karachi Kings,Lahore Qalandars,field,Karachi Kings,47,2,7.83,2,4,14,2,118,10,3,10,107
1354932,2022/23,"National Stadium, Karachi",1,Quetta Gladiators,Peshawar Zalmi,Peshawar Zalmi,field,Peshawar Zalmi,28,1,4.67,0,4,23,3,154,4,5,15,126
1354932,2022/23,"National Stadium, Karachi",2,Peshawar Zalmi,Quetta Gladiators,Peshawar Zalmi,field,Peshawar Zalmi,53,3,8.83,0,9,18,7,157,6,4,19,117
1354933,2022/23,"National Stadium, Karachi",1,Lahore Qalandars,Quetta Gladiators,Quetta Gladiators,field,Lahore Qalandars,65,2,10.83,3,8,13,5,198,6,7,17,123
1354933,2022/23,"National Stadium, Karachi",2,Quetta Gladiators,Lahore Qalandars,Quetta Gladiators,field,Lahore Qalandars,49,1,8.17,4,1,14,3,135,8,8,5,123
1354934,2022/23,Multan Cricket Stadium,1,Multan Sultans,Karachi Kings,Karachi Kings,field,Multan Sultans,50,0,8.33,0,6,9,1,196,2,5,20,123
1354934,2022/23,Multan Cricket Stadium,2,Karachi Kings,Multan Sultans,Karachi Kings,field,Multan Sultans,72,0,12.0,5,9,16,0,193,5,13,11,129
1354935,2022/23,"National Stadium, Karachi",1,Peshawar Zalmi,Islamabad United,Islamabad United,field,Islamabad United,69,0,11.5,2,9,8,0,156,8,3,13,121
1354935,2022/23,"National Stadium, Karachi",2,Islamabad United,Peshawar Zalmi,Islamabad United,field,Islamabad United,80,1,13.33,5,8,12,1,159,4,9,14,93
1354936,2022/23,"National Stadium, Karachi",1,Islamabad United,Quetta Gladiators,Islamabad United,bat,Islamabad United,39,2,6.5,3,2,19,2,220,6,18,15,123
1354936,2022/23,"National Stadium, Karachi",2,Quetta Gladiators,Islamabad United,Islamabad United,bat,Islamabad United,61,3,10.17,3,5,11,1,157,10,6,13,118
1354937,2022/23,"National Stadium, Karachi",1,Karachi Kings,Multan Sultans,Multan Sultans,field,Karachi Kings,52,1,8.67,2,6,14,1,167,3,4,16,124
1354937,2022/23,"National Stadium, Karachi",2,Multan Sultans,Karachi Kings,Multan Sultans,field,Karachi Kings,49,1,8.17,0,7,11,1,101,10,2,9,100
1354938,2022/23,"Gaddafi Stadium, Lahore",1,Lahore Qalandars,Peshawar Zalmi,Lahore Qalandars,bat,Lahore Qalandars,36,1,6.0,1,3,15,1,241,3,18,15,128
1354938,2022/23,"Gaddafi Stadium, Lahore",2,Peshawar Zalmi,Lahore Qalandars,Lahore Qalandars,bat,Lahore Qalandars,63,2,10.5,1,7,12,12,201,9,10,19,127
1354939,2022/23,"Gaddafi Stadium, Lahore",1,Lahore Qalandars,Islamabad United,Lahore Qalandars,bat,Lahore Qalandars,57,0,9.5,2,7,14,3,200,7,7,22,125
1354939,2022/23,"Gaddafi Stadium, Lahore",2,Islamabad United,Lahore Qalandars,Lahore Qalandars,bat,Lahore Qalandars,56,2,9.33,2,3,13,12,90,10,3,3,88
1354940,2022/23,Rawalpindi Cricket Stadium,1,Peshawar Zalmi,Karachi Kings,Karachi Kings,field,Peshawar Zalmi,41,3,6.83,2,3,20,4,197,5,12,15,129
1354940,2022/23,Rawalpindi Cricket Stadium,2,Karachi Kings,Peshawar Zalmi,Karachi Kings,field,Peshawar Zalmi,55,1,9.17,1,10,18,2,173,8,4,24,127
1354941,2022/23,"Gaddafi Stadium, Lahore",1,Lahore Qalandars,Quetta Gladiators,Quetta Gladiators,field,Lahore Qalandars,29,4,4.83,1,3,21,0,148,10,5,14,124
1354941,2022/23,"Gaddafi Stadium, Lahore",2,Quetta Gladiators,Lahore Qalandars,Quetta Gladiators,field,Lahore Qalandars,53,1,8.83,0,8,15,8,131,7,2,11,125
1354942,2022/23,Rawalpindi Cricket Stadium,1,Karachi Kings,Islamabad United,Karachi Kings,bat,Islamabad United,61,3,10.17,3,7,14,3,201,5,5,23,123
1354942,2022/23,Rawalpindi Cricket Stadium,2,Islamabad United,Karachi Kings,Karachi Kings,bat,Islamabad United,62,2,10.33,3,6,9,0,204,4,10,16,122
1354943,2022/23,"Gaddafi Stadium, Lahore",1,Lahore Qalandars,Multan Sultans,Lahore Qalandars,bat,Lahore Qalandars,56,2,9.33,1,7,14,7,180,9,4,21,132
1354943,2022/23,"Gaddafi Stadium, Lahore",2,Multan Sultans,Lahore Qalandars,Lahore Qalandars,bat,Lahore Qalandars,44,0,7.33,1,4,14,3,159,7,7,10,126
1354944,2022/23,Rawalpindi Cricket Stadium,1,Quetta Gladiators,Islamabad United,Islamabad United,field,Islamabad United,19,4,3.17,0,0,20,1,179,6,8,14,126
1354944,2022/23,Rawalpindi Cricket Stadium,2,Islamabad United,Quetta Gladiators,Islamabad United,field,Islamabad United,77,2,12.83,4,5,12,13,183,8,8,16,122
1354945,2022/23,Rawalpindi Cricket Stadium,1,Karachi Kings,Quetta Gladiators,Quetta Gladiators,field,Quetta Gladiators,53,2,8.83,0,9,14,1,164,6,4,17,122
1354945,2022/23,Rawalpindi Cricket Stadium,2,Quetta Gladiators,Karachi Kings,Quetta Gladiators,field,Quetta Gladiators,43,2,7.17,0,7,16,2,168,6,4,17,123
1354946,2022/23,Rawalpindi Cricket Stadium,1,Peshawar Zalmi,Lahore Qalandars,Peshawar Zalmi,bat,Peshawar Zalmi,67,0,11.17,2,9,11,3,207,10,10,17,123
1354946,2022/23,Rawalpindi Cricket Stadium,2,Lahore Qalandars,Peshawar Zalmi,Peshawar Zalmi,bat,Peshawar Zalmi,24,4,4.0,0,3,25,5,172,10,12,13,125
1354947,2022/23,Rawalpindi Cricket Stadium,1,Multan Sultans,Islamabad United,Islamabad United,field,Islamabad United,57,0,9.5,3,4,9,1,205,5,9,18,126
1354947,2022/23,Rawalpindi Cricket Stadium,2,Islamabad United,Multan Sultans,Islamabad United,field,Islamabad United,54,2,9.0,2,8,16,0,209,8,10,19,126
1354948,2022/23,Rawalpindi Cricket Stadium,1,Peshawar Zalmi,Quetta Gladiators,Peshawar Zalmi,bat,Quetta Gladiators,67,0,11.17,1,11,10,1,240,2,11,24,127
1354948,2022/23,Rawalpindi Cricket Stadium,2,Quetta Gladiators,Peshawar Zalmi,Peshawar Zalmi,bat,Quetta Gladiators,88,1,14.67,3,14,9,3,243,2,10,30,117
1354949,2022/23,Rawalpindi Cricket Stadium,1,Lahore Qalandars,Islamabad United,Lahore Qalandars,bat,Lahore Qalandars,65,1,10.83,1,9,12,8,226,5,14,16,130
1354949,2022/23,Rawalpindi Cricket Stadium,2,Islamabad United,Lahore Qalandars,Lahore Qalandars,bat,Lahore Qalandars,50,2,8.33,2,4,12,5,107,9,5,6,96
1354950,2022/23,Rawalpindi Cricket Stadium,1,Peshawar Zalmi,Multan Sultans,Peshawar Zalmi,bat,Multan Sultans,64,0,10.67,3,8,13,2,242,6,15,20,125
1354950,2022/23,Rawalpindi Cricket Stadium,2,Multan Sultans,Peshawar Zalmi,Peshawar Zalmi,bat,Multan Sultans,66,2,11.0,5,7,16,0,244,6,17,21,119
1354951,2022/23,Rawalpindi Cricket Stadium,1,Multan Sultans,Quetta Gladiators,Quetta Gladiators,field,Multan Sultans,91,0,15.17,4,12,7,1,262,3,17,22,126
1354951,2022/23,Rawalpindi Cricket Stadium,2,Quetta Gladiators,Multan Sultans,Quetta Gladiators,field,Multan Sultans,75,3,12.5,6,5,10,3,253,8,16,23,128
1354952,2022/23,Rawalpindi Cricket Stadium,1,Peshawar Zalmi,Islamabad United,Islamabad United,field,Peshawar Zalmi,69,1,11.5,3,9,12,2,179,8,8,15,127
1354952,2022/23,Rawalpindi Cricket Stadium,2,Islamabad United,Peshawar Zalmi,Islamabad United,field,Peshawar Zalmi,40,3,6.67,1,6,21,2,166,10,8,17,120
1354953,2022/23,"Gaddafi Stadium, Lahore",1,Karachi Kings,Lahore Qalandars,Karachi Kings,bat,Karachi Kings,68,1,11.33,2,8,10,4,196,7,6,20,126
1354953,2022/23,"Gaddafi Stadium, Lahore",2,Lahore Qalandars,Karachi Kings,Karachi Kings,bat,Karachi Kings,31,3,5.17,2,1,21,1,110,10,5,8,115
1354954,2022/23,"Gaddafi Stadium, Lahore",1,Multan Sultans,Lahore Qalandars,Multan Sultans,bat,Multan Sultans,46,0,7.67,0,7,14,1,160,5,8,9,124
1354954,2022/23,"Gaddafi Stadium, Lahore",2,Lahore Qalandars,Multan Sultans,Multan Sultans,bat,Multan Sultans,33,4,5.5,1,2,21,5,76,10,3,5,92
1354955,2022/23,"Gaddafi Stadium, Lahore",1,Peshawar Zalmi,Islamabad United,Islamabad United,field,Peshawar Zalmi,77,1,12.83,0,14,12,10,183,8,2,24,124
1354955,2022/23,"Gaddafi Stadium, Lahore",2,Islamabad United,Peshawar Zalmi,Islamabad United,field,Peshawar Zalmi,67,1,11.17,4,9,18,2,171,6,6,20,120
1354956,2022/23,"Gaddafi Stadium, Lahore",1,Peshawar Zalmi,Lahore Qalandars,Peshawar Zalmi,bat,Lahore Qalandars,54,1,9.0,1,10,17,1,171,5,2,25,122
1354956,2022/23,"Gaddafi Stadium, Lahore",2,Lahore Qalandars,Peshawar Zalmi,Peshawar Zalmi,bat,Lahore Qalandars,50,2,8.33,2,4,18,12,176,6,4,18,117
1354957,2022/23,"Gaddafi Stadium, Lahore",1,Lahore Qalandars,Multan Sultans,Lahore Qalandars,bat,Lahore Qalandars,43,1,7.17,1,6,18,1,200,6,10,19,128
1354957,2022/23,"Gaddafi Stadium, Lahore",2,Multan Sultans,Lahore Qalandars,Lahore Qalandars,bat,Lahore Qalandars,72,1,12.0,1,12,12,6,199,8,4,26,124
1416472,2023/24,"Gaddafi Stadium, Lahore",1,Lahore Qalandars,Islamabad United,Islamabad United,field,Islamabad United,66,0,11.0,1,8,10,7,195,5,8,14,126
1416472,2023/24,"Gaddafi Stadium, Lahore",2,Islamabad United,Lahore Qalandars,Islamabad United,field,Islamabad United,50,1,8.33,1,6,19,12,200,2,9,19,118
1416473,2023/24,"Gaddafi Stadium, Lahore",1,Quetta Gladiators,Peshawar Zalmi,Peshawar Zalmi,field,Quetta Gladiators,70,0,11.67,2,9,11,8,206,5,7,21,127
1416473,2023/24,"Gaddafi Stadium, Lahore",2,Peshawar Zalmi,Quetta Gladiators,Peshawar Zalmi,field,Quetta Gladiators,70,0,11.67,5,4,12,6,190,6,10,9,129
1416474,2023/24,Multan Cricket Stadium,1,Multan Sultans,Karachi Kings,Karachi Kings,field,Multan Sultans,53,1,8.83,1,7,15,8,185,2,4,17,128
1416474,2023/24,Multan Cricket Stadium,2,Karachi Kings,Multan Sultans,Karachi Kings,field,Multan Sultans,36,2,6.0,0,6,20,3,130,8,4,14,125
1416475,2023/24,"Gaddafi Stadium, Lahore",1,Lahore Qalandars,Quetta Gladiators,Lahore Qalandars,bat,Quetta Gladiators,43,1,7.17,0,6,16,4,187,7,10,14,124
1416475,2023/24,"Gaddafi Stadium, Lahore",2,Quetta Gladiators,Lahore Qalandars,Lahore Qalandars,bat,Quetta Gladiators,61,0,10.17,1,10,15,3,188,5,4,20,125
1416476,2023/24,Multan Cricket Stadium,1,Islamabad United,Multan Sultans,Multan Sultans,field,Multan Sultans,32,2,5.33,1,2,18,2,144,10,5,8,126
1416476,2023/24,Multan Cricket Stadium,2,Multan Sultans,Islamabad United,Multan Sultans,field,Multan Sultans,44,1,7.33,2,5,24,6,145,5,4,13,126
1416477,2023/24,"Gaddafi Stadium, Lahore",1,Peshawar Zalmi,Karachi Kings,Karachi Kings,field,Karachi Kings,42,3,7.0,0,6,16,1,154,10,5,12,122
1416477,2023/24,"Gaddafi Stadium, Lahore",2,Karachi Kings,Peshawar Zalmi,Karachi Kings,field,Karachi Kings,48,2,8.0,2,5,21,3,157,3,8,13,106
1416478,2023/24,Multan Cricket Stadium,1,Lahore Qalandars,Multan Sultans,Lahore Qalandars,bat,Multan Sultans,49,1,8.17,3,4,16,2,166,5,6,11,127
1416478,2023/24,Multan Cricket Stadium,2,Multan Sultans,Lahore Qalandars,Lahore Qalandars,bat,Multan Sultans,38,2,6.33,0,7,21,2,170,5,6,18,124
1416479,2023/24,"Gaddafi Stadium, Lahore",1,Islamabad United,Quetta Gladiators,Quetta Gladiators,field,Quetta Gladiators,60,1,10.0,3,6,11,1,138,9,4,9,124
1416479,2023/24,"Gaddafi Stadium, Lahore",2,Quetta Gladiators,Islamabad United,Quetta Gladiators,field,Quetta Gladiators,51,2,8.5,1,7,14,2,139,7,4,13,113
1416480,2023/24,Multan Cricket Stadium,1,Peshawar Zalmi,Multan Sultans,Peshawar Zalmi,bat,Peshawar Zalmi,46,1,7.67,0,8,19,3,179,8,5,20,128
1416480,2023/24,Multan Cricket Stadium,2,Multan Sultans,Peshawar Zalmi,Peshawar Zalmi,bat,Peshawar Zalmi,38,1,6.33,0,6,17,0,174,10,6,15,126
1416481,2023/24,"Gaddafi Stadium, Lahore",1,Lahore Qalandars,Karachi Kings,Karachi Kings,field,Karachi Kings,32,1,5.33,0,4,18,0,175,6,7,14,123
1416481,2023/24,"Gaddafi Stadium, Lahore",2,Karachi Kings,Lahore Qalandars,Karachi Kings,field,Karachi Kings,44,4,7.33,0,8,20,2,176,8,6,14,123
1416482,2023/24,Multan Cricket Stadium,1,Multan Sultans,Quetta Gladiators,Quetta Gladiators,field,Multan Sultans,53,1,8.83,4,5,18,0,180,4,9,16,126
1416482,2023/24,Multan Cricket Stadium,2,Quetta Gladiators,Multan Sultans,Quetta Gladiators,field,Multan Sultans,48,2,8.0,3,5,20,4,167,9,9,11,125
1416483,2023/24,"Gaddafi Stadium, Lahore",1,Peshawar Zalmi,Lahore Qalandars,Lahore Qalandars,field,Peshawar Zalmi,57,0,9.5,0,9,13,4,211,4,8,19,127
1416483,2023/24,"Gaddafi Stadium, Lahore",2,Lahore Qalandars,Peshawar Zalmi,Lahore Qalandars,field,Peshawar Zalmi,56,2,9.33,2,7,12,1,203,6,8,17,128
1416484,2023/24,"Gaddafi Stadium, Lahore",1,Peshawar Zalmi,Islamabad United,Islamabad United,field,Peshawar Zalmi,65,0,10.83,2,6,7,4,201,5,4,22,122
1416484,2023/24,"Gaddafi Stadium, Lahore",2,Islamabad United,Peshawar Zalmi,Islamabad United,field,Peshawar Zalmi,45,1,7.5,0,4,8,1,193,9,9,15,120
1416485,2023/24,"Gaddafi Stadium, Lahore",1,Multan Sultans,Lahore Qalandars,Multan Sultans,bat,Multan Sultans,53,1,8.83,1,6,16,7,214,4,6,22,128
1416485,2023/24,"Gaddafi Stadium, Lahore",2,Lahore Qalandars,Multan Sultans,Multan Sultans,bat,Multan Sultans,55,1,9.17,0,9,11,0,154,10,6,13,102
1416486,2023/24,"National Stadium, Karachi",1,Karachi Kings,Islamabad United,Islamabad United,field,Islamabad United,46,1,7.67,1,5,15,6,165,5,2,14,128
1416486,2023/24,"National Stadium, Karachi",2,Islamabad United,Karachi Kings,Islamabad United,field,Islamabad United,58,0,9.67,0,9,9,0,169,3,6,15,113
1416487,2023/24,"National Stadium, Karachi",1,Karachi Kings,Quetta Gladiators,Quetta Gladiators,field,Quetta Gladiators,61,1,10.17,1,11,14,1,165,8,5,17,125
1416487,2023/24,"National Stadium, Karachi",2,Quetta Gladiators,Karachi Kings,Quetta Gladiators,field,Quetta Gladiators,57,1,9.5,3,5,13,1,169,5,11,9,122
1416490,2023/24,"National Stadium, Karachi",1,Multan Sultans,Karachi Kings,Multan Sultans,bat,Multan Sultans,50,1,8.33,0,9,15,0,189,3,5,18,121
1416490,2023/24,"National Stadium, Karachi",2,Karachi Kings,Multan Sultans,Multan Sultans,bat,Multan Sultans,53,2,8.83,0,8,12,2,169,7,3,18,122
1416491,2023/24,Rawalpindi Cricket Stadium,1,Islamabad United,Peshawar Zalmi,Peshawar Zalmi,field,Islamabad United,46,2,7.67,3,3,16,1,196,4,11,15,122
1416491,2023/24,Rawalpindi Cricket Stadium,2,Peshawar Zalmi,Islamabad United,Peshawar Zalmi,field,Islamabad United,18,5,3.0,0,3,28,0,167,9,7,15,126
1416492,2023/24,Rawalpindi Cricket Stadium,1,Peshawar Zalmi,Multan Sultans,Peshawar Zalmi,bat,Peshawar Zalmi,71,0,11.83,3,9,12,4,204,5,11,17,130
1416492,2023/24,Rawalpindi Cricket Stadium,2,Multan Sultans,Peshawar Zalmi,Peshawar Zalmi,bat,Peshawar Zalmi,40,1,6.67,1,3,15,3,200,5,8,16,128
1416493,2023/24,Rawalpindi Cricket Stadium,1,Quetta Gladiators,Karachi Kings,Karachi Kings,field,Karachi Kings,53,1,8.83,2,6,15,2,118,10,4,9,117
1416493,2023/24,Rawalpindi Cricket Stadium,2,Karachi Kings,Quetta Gladiators,Karachi Kings,field,Karachi Kings,49,1,8.17,1,6,14,3,121,3,4,11,97
1416494,2023/24,Rawalpindi Cricket Stadium,1,Lahore Qalandars,Islamabad United,Islamabad United,field,Lahore Qalandars,26,2,4.33,1,1,24,1,162,7,9,8,127
1416494,2023/24,Rawalpindi Cricket Stadium,2,Islamabad United,Lahore Qalandars,Islamabad United,field,Lahore Qalandars,36,5,6.0,0,6,19,0,145,10,5,15,119
1416495,2023/24,Rawalpindi Cricket Stadium,1,Karachi Kings,Islamabad United,Islamabad United,field,Islamabad United,38,1,6.33,0,6,16,0,150,7,4,16,126
1416495,2023/24,Rawalpindi Cricket Stadium,2,Islamabad United,Karachi Kings,Islamabad United,field,Islamabad United,47,2,7.83,1,5,18,8,151,5,4,12,116
1416496,2023/24,Rawalpindi Cricket Stadium,1,Peshawar Zalmi,Quetta Gladiators,Quetta Gladiators,field,Peshawar Zalmi,70,1,11.67,4,7,11,2,196,8,7,21,127
1416496,2023/24,Rawalpindi Cricket Stadium,2,Quetta Gladiators,Peshawar Zalmi,Quetta Gladiators,field,Peshawar Zalmi,56,2,9.33,2,5,13,7,120,10,2,14,110
1416497,2023/24,"National Stadium, Karachi",1,Lahore Qalandars,Karachi Kings,Karachi Kings,field,Karachi Kings,44,1,7.33,1,4,11,1,177,5,7,13,123
1416497,2023/24,"National Stadium, Karachi",2,Karachi Kings,Lahore Qalandars,Karachi Kings,field,Karachi Kings,58,0,9.67,1,8,10,2,179,7,1,21,126
1416498,2023/24,Rawalpindi Cricket Stadium,1,Multan Sultans,Islamabad United,Islamabad United,field,Islamabad United,58,2,9.67,3,6,17,3,228,4,10,27,122
1416498,2023/24,Rawalpindi Cricket Stadium,2,Islamabad United,Multan Sultans,Islamabad United,field,Islamabad United,65,2,10.83,3,6,12,9,232,7,9,25,126
1416499,2023/24,"National Stadium, Karachi",1,Lahore Qalandars,Quetta Gladiators,Lahore Qalandars,bat,Quetta Gladiators,39,2,6.5,1,4,16,1,166,4,7,10,122
1416499,2023/24,"National Stadium, Karachi",2,Quetta Gladiators,Lahore Qalandars,Lahore Qalandars,bat,Quetta Gladiators,43,1,7.17,1,5,19,4,169,4,6,11,126
1416500,2023/24,"National Stadium, Karachi",1,Peshawar Zalmi,Karachi Kings,Peshawar Zalmi,bat,Peshawar Zalmi,54,0,9.0,0,7,15,12,147,6,1,15,127
1416500,2023/24,"National Stadium, Karachi",2,Karachi Kings,Peshawar Zalmi,Peshawar Zalmi,bat,Peshawar Zalmi,44,0,7.33,0,9,19,1,145,5,0,22,121
1416501,2023/24,"National Stadium, Karachi",1,Multan Sultans,Quetta Gladiators,Quetta Gladiators,field,Multan Sultans,43,1,7.17,1,5,14,0,185,4,8,14,125
1416501,2023/24,"National Stadium, Karachi",2,Quetta Gladiators,Multan Sultans,Quetta Gladiators,field,Multan Sultans,46,3,7.67,2,4,18,2,106,10,5,8,99
1416502,2023/24,"National Stadium, Karachi",1,Peshawar Zalmi,Multan Sultans,Peshawar Zalmi,bat,Multan Sultans,51,2,8.5,0,8,14,3,146,7,1,15,122
1416502,2023/24,"National Stadium, Karachi",2,Multan Sultans,Peshawar Zalmi,Peshawar Zalmi,bat,Multan Sultans,45,0,7.5,1,5,12,4,147,3,2,15,114
1416503,2023/24,"National Stadium, Karachi",1,Islamabad United,Quetta Gladiators,Islamabad United,bat,Islamabad United,51,1,8.5,2,5,16,7,174,9,9,10,122
1416503,2023/24,"National Stadium, Karachi",2,Quetta Gladiators,Islamabad United,Islamabad United,bat,Islamabad United,23,5,3.83,0,3,26,2,135,10,5,13,117
1416504,2023/24,"National Stadium, Karachi",1,Peshawar Zalmi,Islamabad United,Islamabad United,field,Islamabad United,59,0,9.83,3,7,15,0,185,5,9,15,122
1416504,2023/24,"National Stadium, Karachi",2,Islamabad United,Peshawar Zalmi,Islamabad United,field,Islamabad United,50,4,8.33,1,7,17,4,189,5,7,18,122
1416505,2023/24,"National Stadium, Karachi",1,Multan Sultans,Islamabad United,Multan Sultans,bat,Islamabad United,48,2,8.0,1,7,15,1,159,9,6,15,125
1416505,2023/24,"National Stadium, Karachi",2,Islamabad United,Multan Sultans,Multan Sultans,bat,Islamabad United,46,2,7.67,1,8,19,0,163,8,5,20,121
1475238,2025,Rawalpindi Cricket Stadium,1,Lahore Qalandars,Islamabad United,Islamabad United,field,Islamabad United,36,2,6.0,1,3,16,3,139,10,5,13,123
1475238,2025,Rawalpindi Cricket Stadium,2,Islamabad United,Lahore Qalandars,Islamabad United,field,Islamabad United,37,1,6.17,1,5,21,3,143,2,5,11,114
1475239,2025,Rawalpindi Cricket Stadium,1,Quetta Gladiators,Peshawar Zalmi,Peshawar Zalmi,field,Quetta Gladiators,65,0,10.83,2,9,10,1,216,3,12,18,125
1475239,2025,Rawalpindi Cricket Stadium,2,Peshawar Zalmi,Quetta Gladiators,Peshawar Zalmi,field,Quetta Gladiators,45,3,7.5,2,4,16,2,136,10,11,8,94
1475240,2025,"National Stadium, Karachi",1,Multan Sultans,Karachi Kings,Karachi Kings,field,Karachi Kings,63,1,10.5,2,6,19,13,234,3,9,23,132
1475240,2025,"National Stadium, Karachi",2,Karachi Kings,Multan Sultans,Karachi Kings,field,Karachi Kings,76,3,12.67,3,12,14,1,236,6,12,26,122
1475241,2025,Rawalpindi Cricket Stadium,1,Lahore Qalandars,Quetta Gladiators,Quetta Gladiators,field,Lahore Qalandars,60,1,10.0,1,10,14,1,219,6,9,23,124
1475241,2025,Rawalpindi Cricket Stadium,2,Quetta Gladiators,Lahore Qalandars,Quetta Gladiators,field,Lahore Qalandars,62,4,10.33,5,5,16,4,140,10,9,11,102
1475242,2025,Rawalpindi Cricket Stadium,1,Islamabad United,Peshawar Zalmi,Islamabad United,bat,Islamabad United,73,1,12.17,2,10,12,5,243,5,12,25,127
1475242,2025,Rawalpindi Cricket Stadium,2,Peshawar Zalmi,Islamabad United,Islamabad United,bat,Islamabad United,43,3,7.17,2,5,21,5,141,10,6,14,115
1475243,2025,"National Stadium, Karachi",1,Lahore Qalandars,Karachi Kings,Lahore Qalandars,bat,Lahore Qalandars,44,2,7.33,1,7,19,1,201,6,9,20,123
1475243,2025,"National Stadium, Karachi",2,Karachi Kings,Lahore Qalandars,Lahore Qalandars,bat,Lahore Qalandars,39,2,6.5,0,6,19,3,136,10,6,14,119
1475244,2025,Rawalpindi Cricket Stadium,1,Islamabad United,Multan Sultans,Multan Sultans,field,Islamabad United,62,1,10.33,2,9,15,4,202,6,9,21,123
1475244,2025,Rawalpindi Cricket Stadium,2,Multan Sultans,Islamabad United,Multan Sultans,field,Islamabad United,62,2,10.33,3,5,12,6,155,10,7,10,117
1475245,2025,"National Stadium, Karachi",1,Karachi Kings,Quetta Gladiators,Karachi Kings,bat,Karachi Kings,61,1,10.17,0,11,13,2,175,7,4,17,123
1475245,2025,"National Stadium, Karachi",2,Quetta Gladiators,Karachi Kings,Karachi Kings,bat,Karachi Kings,37,5,6.17,1,4,20,3,119,9,4,10,127
1475246,2025,Rawalpindi Cricket Stadium,1,Peshawar Zalmi,Multan Sultans,Peshawar Zalmi,bat,Peshawar Zalmi,69,2,11.5,5,5,12,3,227,7,16,15,124
1475246,2025,Rawalpindi Cricket Stadium,2,Multan Sultans,Peshawar Zalmi,Peshawar Zalmi,bat,Peshawar Zalmi,61,1,10.17,3,7,12,0,107,10,4,10,95
1475247,2025,"National Stadium, Karachi",1,Karachi Kings,Islamabad United,Islamabad United,field,Islamabad United,41,2,6.83,0,3,16,10,128,7,3,8,126
1475247,2025,"National Stadium, Karachi",2,Islamabad United,Karachi Kings,Islamabad United,field,Islamabad United,48,2,8.0,2,7,21,0,129,4,4,15,107
1475248,2025,"National Stadium, Karachi",1,Peshawar Zalmi,Karachi Kings,Karachi Kings,field,Karachi Kings,27,1,4.5,0,4,25,3,147,8,2,18,129
1475248,2025,"National Stadium, Karachi",2,Karachi Kings,Peshawar Zalmi,Karachi Kings,field,Karachi Kings,44,3,7.33,0,6,18,8,148,8,1,17,124
1475249,2025,Multan Cricket Stadium,1,Multan Sultans,Lahore Qalandars,Multan Sultans,bat,Multan Sultans,79,0,13.17,3,9,7,3,228,5,12,20,123
1475249,2025,Multan Cricket Stadium,2,Lahore Qalandars,Multan Sultans,Multan Sultans,bat,Multan Sultans,58,2,9.67,3,6,15,4,195,9,11,15,123
1475250,2025,Multan Cricket Stadium,1,Multan Sultans,Islamabad United,Multan Sultans,bat,Islamabad United,48,0,8.0,2,3,11,1,168,5,7,12,122
1475250,2025,Multan Cricket Stadium,2,Islamabad United,Multan Sultans,Multan Sultans,bat,Islamabad United,69,1,11.5,3,9,13,2,171,3,9,15,106
1475251,2025,"Gaddafi Stadium, Lahore",1,Lahore Qalandars,Peshawar Zalmi,Peshawar Zalmi,field,Peshawar Zalmi,35,5,5.83,1,5,23,3,129,10,7,12,119
1475251,2025,"Gaddafi Stadium, Lahore",2,Peshawar Zalmi,Lahore Qalandars,Peshawar Zalmi,field,Peshawar Zalmi,52,3,8.67,3,6,21,3,133,3,4,14,103
1475252,2025,"Gaddafi Stadium, Lahore",1,Quetta Gladiators,Karachi Kings,Karachi Kings,field,Quetta Gladiators,45,4,7.5,0,7,14,2,142,10,3,14,119
1475252,2025,"Gaddafi Stadium, Lahore",2,Karachi Kings,Quetta Gladiators,Karachi Kings,field,Quetta Gladiators,51,1,8.5,2,7,19,0,137,8,4,14,122
1475253,2025,"Gaddafi Stadium, Lahore",1,Multan Sultans,Lahore Qalandars,Lahore Qalandars,field,Lahore Qalandars,39,1,6.5,1,5,21,2,185,3,9,14,125
1475253,2025,"Gaddafi Stadium, Lahore",2,Lahore Qalandars,Multan Sultans,Lahore Qalandars,field,Lahore Qalandars,45,1,7.5,3,3,22,6,186,5,13,11,120
1475254,2025,"Gaddafi Stadium, Lahore",1,Quetta Gladiators,Peshawar Zalmi,Peshawar Zalmi,field,Quetta Gladiators,67,1,11.17,2,11,13,3,178,7,3,23,125
1475254,2025,"Gaddafi Stadium, Lahore",2,Peshawar Zalmi,Quetta Gladiators,Peshawar Zalmi,field,Quetta Gladiators,41,3,6.83,2,4,19,4,114,10,6,10,96
1475255,2025,"Gaddafi Stadium, Lahore",1,Multan Sultans,Quetta Gladiators,Quetta Gladiators,field,Quetta Gladiators,31,4,5.17,0,4,24,6,89,10,2,8,104
1475255,2025,"Gaddafi Stadium, Lahore",2,Quetta Gladiators,Multan Sultans,Quetta Gladiators,field,Quetta Gladiators,74,0,12.33,7,5,15,3,90,0,9,5,44
1475256,2025,"Gaddafi Stadium, Lahore",1,Lahore Qalandars,Islamabad United,Islamabad United,field,Lahore Qalandars,56,1,9.33,3,6,22,8,209,6,12,18,127
1475256,2025,"Gaddafi Stadium, Lahore",2,Islamabad United,Lahore Qalandars,Islamabad United,field,Lahore Qalandars,49,1,8.17,3,4,17,1,121,10,6,10,103
1475257,2025,"Gaddafi Stadium, Lahore",1,Karachi Kings,Multan Sultans,Karachi Kings,bat,Karachi Kings,65,3,10.83,3,8,14,5,204,4,11,16,126
1475257,2025,"Gaddafi Stadium, Lahore",2,Multan Sultans,Karachi Kings,Karachi Kings,bat,Karachi Kings,53,3,8.83,4,3,20,8,117,10,7,7,103
1475258,2025,"Gaddafi Stadium, Lahore",1,Lahore Qalandars,Quetta Gladiators,Quetta Gladiators,field,No result,67,1,11.17,4,6,11,2,111,3,7,6,72
1475259,2025,"Gaddafi Stadium, Lahore",1,Islamabad United,Peshawar Zalmi,Islamabad United,bat,Peshawar Zalmi,49,0,8.17,2,5,18,2,143,9,4,16,123
1475259,2025,"Gaddafi Stadium, Lahore",2,Peshawar Zalmi,Islamabad United,Islamabad United,bat,Peshawar Zalmi,40,3,6.67,2,3,21,5,147,4,6,10,110
1475260,2025,"Gaddafi Stadium, Lahore",1,Islamabad United,Quetta Gladiators,Quetta Gladiators,field,Quetta Gladiators,59,1,9.83,5,5,18,0,157,9,11,10,123
1475260,2025,"Gaddafi Stadium, Lahore",2,Quetta Gladiators,Islamabad United,Quetta Gladiators,field,Quetta Gladiators,53,2,8.83,1,8,13,2,159,8,5,13,124
1475261,2025,"Gaddafi Stadium, Lahore",1,Lahore Qalandars,Karachi Kings,Karachi Kings,field,Karachi Kings,69,0,11.5,5,6,13,1,160,8,10,12,97
1475261,2025,"Gaddafi Stadium, Lahore",2,Karachi Kings,Lahore Qalandars,Karachi Kings,field,Karachi Kings,68,2,11.33,3,7,12,6,168,6,11,13,89
1475262,2025,Multan Cricket Stadium,1,Multan Sultans,Peshawar Zalmi,Multan Sultans,bat,Peshawar Zalmi,40,2,6.67,0,7,20,2,108,10,2,13,120
1475262,2025,Multan Cricket Stadium,2,Peshawar Zalmi,Multan Sultans,Multan Sultans,bat,Peshawar Zalmi,54,1,9.0,3,4,17,6,110,3,4,10,80
1475263,2025,Rawalpindi Cricket Stadium,1,Quetta Gladiators,Islamabad United,Islamabad United,field,Quetta Gladiators,63,2,10.5,3,6,12,7,263,3,15,24,125
1475263,2025,Rawalpindi Cricket Stadium,2,Islamabad United,Quetta Gladiators,Islamabad United,field,Quetta Gladiators,53,5,8.83,3,6,18,2,154,10,7,13,121
1475264,2025,Rawalpindi Cricket Stadium,1,Karachi Kings,Peshawar Zalmi,Peshawar Zalmi,field,Karachi Kings,57,1,9.5,1,8,12,2,237,4,9,27,126
1475264,2025,Rawalpindi Cricket Stadium,2,Peshawar Zalmi,Karachi Kings,Peshawar Zalmi,field,Karachi Kings,59,1,9.83,2,8,13,1,214,5,8,22,121
1475265,2025,Rawalpindi Cricket Stadium,1,Multan Sultans,Quetta Gladiators,Multan Sultans,bat,Quetta Gladiators,56,1,9.33,2,7,16,1,185,7,9,17,123
1475265,2025,Rawalpindi Cricket Stadium,2,Quetta Gladiators,Multan Sultans,Multan Sultans,bat,Quetta Gladiators,60,0,10.0,3,6,12,6,190,8,12,13,123
1475266,2025,Rawalpindi Cricket Stadium,1,Lahore Qalandars,Peshawar Zalmi,Peshawar Zalmi,field,Lahore Qalandars,80,2,13.33,4,9,8,8,149,8,8,15,83
1475266,2025,Rawalpindi Cricket Stadium,2,Peshawar Zalmi,Lahore Qalandars,Peshawar Zalmi,field,Lahore Qalandars,48,4,8.0,0,5,12,9,123,8,4,12,82
1475267,2025,Rawalpindi Cricket Stadium,1,Islamabad United,Karachi Kings,Karachi Kings,field,Islamabad United,76,0,12.67,3,12,12,0,251,5,16,20,127
1475267,2025,Rawalpindi Cricket Stadium,2,Karachi Kings,Islamabad United,Karachi Kings,field,Islamabad United,61,1,10.17,1,9,14,6,172,10,8,17,113
1475268,2025,"Gaddafi Stadium, Lahore",1,Quetta Gladiators,Islamabad United,Quetta Gladiators,bat,Quetta Gladiators,70,3,11.67,2,10,12,5,209,6,9,21,125
1475268,2025,"Gaddafi Stadium, Lahore",2,Islamabad United,Quetta Gladiators,Quetta Gladiators,bat,Quetta Gladiators,45,1,7.5,0,8,17,4,179,10,6,18,125
1475269,2025,"Gaddafi Stadium, Lahore",1,Karachi Kings,Lahore Qalandars,Karachi Kings,bat,Lahore Qalandars,70,1,11.67,3,7,12,8,190,8,7,16,132
1475269,2025,"Gaddafi Stadium, Lahore",2,Lahore Qalandars,Karachi Kings,Karachi Kings,bat,Lahore Qalandars,60,1,10.0,4,6,16,2,191,4,12,12,114
1475270,2025,"Gaddafi Stadium, Lahore",1,Lahore Qalandars,Islamabad United,Lahore Qalandars,bat,Lahore Qalandars,58,1,9.67,1,11,17,0,202,8,7,23,125
1475270,2025,"Gaddafi Stadium, Lahore",2,Islamabad United,Lahore Qalandars,Lahore Qalandars,bat,Lahore Qalandars,33,4,5.5,0,5,23,4,107,10,6,7,96
1475271,2025,"Gaddafi Stadium, Lahore",1,Quetta Gladiators,Lahore Qalandars,Quetta Gladiators,bat,Lahore Qalandars,57,2,9.5,2,8,17,2,201,9,10,21,124
1475271,2025,"Gaddafi Stadium, Lahore",2,Lahore Qalandars,Quetta Gladiators,Quetta Gladiators,bat,Lahore Qalandars,56,1,9.33,4,4,15,1,204,4,14,15,124
1527552,2026,"Gaddafi Stadium, Lahore",1,Lahore Qalandars,Hyderabad Kingsmen,Lahore Qalandars,bat,Lahore Qalandars,64,0,10.67,1,10,15,7,199,6,8,19,128
1527552,2026,"Gaddafi Stadium, Lahore",2,Hyderabad Kingsmen,Lahore Qalandars,Lahore Qalandars,bat,Lahore Qalandars,48,2,8.0,0,7,15,6,130,10,1,11,124
1527553,2026,"Gaddafi Stadium, Lahore",1,Karachi Kings,Quetta Gladiators,Quetta Gladiators,field,Karachi Kings,60,2,10.0,1,11,16,1,181,7,6,22,121
1527553,2026,"Gaddafi Stadium, Lahore",2,Quetta Gladiators,Karachi Kings,Quetta Gladiators,field,Karachi Kings,75,0,12.5,4,10,13,1,167,7,5,20,122
1527554,2026,"Gaddafi Stadium, Lahore",1,Rawalpindiz,Peshawar Zalmi,Rawalpindiz,bat,Peshawar Zalmi,63,0,10.5,2,9,13,3,214,4,13,17,126
1527554,2026,"Gaddafi Stadium, Lahore",2,Peshawar Zalmi,Rawalpindiz,Rawalpindiz,bat,Peshawar Zalmi,62,0,10.33,2,7,9,2,218,5,12,15,121
1527555,2026,"Gaddafi Stadium, Lahore",1,Islamabad United,Multan Sultans,Multan Sultans,field,Multan Sultans,48,1,8.0,3,3,15,5,171,8,6,14,126
1527555,2026,"Gaddafi Stadium, Lahore",2,Multan Sultans,Islamabad United,Multan Sultans,field,Multan Sultans,49,1,8.17,4,2,14,1,175,5,7,15,115
1527556,2026,"Gaddafi Stadium, Lahore",1,Quetta Gladiators,Hyderabad Kingsmen,Quetta Gladiators,bat,Quetta Gladiators,45,2,7.5,1,4,17,3,174,8,9,9,129
1527556,2026,"Gaddafi Stadium, Lahore",2,Hyderabad Kingsmen,Quetta Gladiators,Quetta Gladiators,bat,Quetta Gladiators,37,3,6.17,0,6,21,1,134,8,3,12,125
1527557,2026,"Gaddafi Stadium, Lahore",1,Lahore Qalandars,Karachi Kings,Lahore Qalandars,bat,Karachi Kings,42,2,7.0,1,4,16,2,128,9,6,6,126
1527557,2026,"Gaddafi Stadium, Lahore",2,Karachi Kings,Lahore Qalandars,Lahore Qalandars,bat,Karachi Kings,27,2,4.5,0,4,23,1,131,6,2,12,122
1527559,2026,"Gaddafi Stadium, Lahore",1,Hyderabad Kingsmen,Multan Sultans,Hyderabad Kingsmen,bat,Multan Sultans,74,1,12.33,4,8,11,2,225,5,15,15,127
1527559,2026,"Gaddafi Stadium, Lahore",2,Multan Sultans,Hyderabad Kingsmen,Hyderabad Kingsmen,bat,Multan Sultans,83,0,13.83,6,7,6,0,227,4,15,17,119
1527560,2026,"Gaddafi Stadium, Lahore",1,Quetta Gladiators,Islamabad United,Quetta Gladiators,bat,Islamabad United,60,1,10.0,5,4,17,1,183,5,10,14,124
1527560,2026,"Gaddafi Stadium, Lahore",2,Islamabad United,Quetta Gladiators,Quetta Gladiators,bat,Islamabad United,58,1,9.67,2,7,14,6,189,2,8,15,116
1527561,2026,"Gaddafi Stadium, Lahore",1,Rawalpindiz,Karachi Kings,Karachi Kings,field,Karachi Kings,55,2,9.17,1,8,14,3,197,6,6,21,124
1527561,2026,"Gaddafi Stadium, Lahore",2,Karachi Kings,Rawalpindiz,Karachi Kings,field,Karachi Kings,52,1,8.67,3,5,17,1,199,5,11,18,122
1527562,2026,"Gaddafi Stadium, Lahore",1,Lahore Qalandars,Multan Sultans,Multan Sultans,field,Lahore Qalandars,97,1,16.17,7,7,8,10,185,5,12,11,86
1527562,2026,"Gaddafi Stadium, Lahore",2,Multan Sultans,Lahore Qalandars,Multan Sultans,field,Lahore Qalandars,53,3,8.83,2,6,14,2,165,5,10,13,85
1527563,2026,"Gaddafi Stadium, Lahore",1,Rawalpindiz,Islamabad United,Islamabad United,field,Islamabad United,35,2,5.83,0,5,18,1,156,7,8,10,123
1527563,2026,"Gaddafi Stadium, Lahore",2,Islamabad United,Rawalpindiz,Islamabad United,field,Islamabad United,62,1,10.33,2,7,11,5,157,3,6,16,94
1527564,2026,"Gaddafi Stadium, Lahore",1,Quetta Gladiators,Multan Sultans,Multan Sultans,field,Multan Sultans,47,2,7.83,2,6,17,0,166,8,6,16,122
1527564,2026,"Gaddafi Stadium, Lahore",2,Multan Sultans,Quetta Gladiators,Multan Sultans,field,Multan Sultans,83,1,13.83,3,12,10,6,167,4,5,16,108
1527565,2026,"Gaddafi Stadium, Lahore",1,Rawalpindiz,Multan Sultans,Multan Sultans,field,Multan Sultans,52,2,8.67,1,8,17,1,182,8,8,19,123
1527565,2026,"Gaddafi Stadium, Lahore",2,Multan Sultans,Rawalpindiz,Multan Sultans,field,Multan Sultans,58,1,9.67,2,8,13,0,186,3,11,15,98
1527566,2026,"National Stadium, Karachi",1,Hyderabad Kingsmen,Peshawar Zalmi,Peshawar Zalmi,field,Peshawar Zalmi,51,4,8.5,1,6,14,4,145,10,3,14,111
1527566,2026,"National Stadium, Karachi",2,Peshawar Zalmi,Hyderabad Kingsmen,Peshawar Zalmi,field,Peshawar Zalmi,56,1,9.33,3,6,13,1,146,6,5,13,121
1527567,2026,"National Stadium, Karachi",1,Lahore Qalandars,Islamabad United,Islamabad United,field,Islamabad United,34,2,5.67,1,2,20,8,100,10,2,7,116
1527567,2026,"National Stadium, Karachi",2,Islamabad United,Lahore Qalandars,Islamabad United,field,Islamabad United,51,1,8.5,1,7,16,6,104,1,3,14,63
1527568,2026,"National Stadium, Karachi",1,Peshawar Zalmi,Karachi Kings,Karachi Kings,field,Peshawar Zalmi,66,1,11.0,3,9,14,2,246,3,11,27,123
1527568,2026,"National Stadium, Karachi",2,Karachi Kings,Peshawar Zalmi,Karachi Kings,field,Peshawar Zalmi,33,3,5.5,1,4,25,4,87,10,1,13,104
1527569,2026,"National Stadium, Karachi",1,Quetta Gladiators,Rawalpindiz,Rawalpindiz,field,Quetta Gladiators,43,1,7.17,0,5,11,1,182,6,8,13,121
1527569,2026,"National Stadium, Karachi",2,Rawalpindiz,Quetta Gladiators,Rawalpindiz,field,Quetta Gladiators,46,3,7.67,3,5,20,0,121,10,7,7,107
1527570,2026,"National Stadium, Karachi",1,Peshawar Zalmi,Lahore Qalandars,Lahore Qalandars,field,Peshawar Zalmi,49,1,8.17,2,6,16,0,173,7,8,12,122
1527570,2026,"National Stadium, Karachi",2,Lahore Qalandars,Peshawar Zalmi,Lahore Qalandars,field,Peshawar Zalmi,43,2,7.17,0,7,18,1,97,10,0,14,104
1527571,2026,"National Stadium, Karachi",1,Karachi Kings,Hyderabad Kingsmen,Hyderabad Kingsmen,field,Hyderabad Kingsmen,49,2,8.17,2,6,18,2,188,8,9,15,125
1527571,2026,"National Stadium, Karachi",2,Hyderabad Kingsmen,Karachi Kings,Hyderabad Kingsmen,field,Hyderabad Kingsmen,76,1,12.67,5,8,13,6,189,6,9,16,117
1527572,2026,"National Stadium, Karachi",1,Islamabad United,Hyderabad Kingsmen,Hyderabad Kingsmen,field,Hyderabad Kingsmen,57,1,9.5,1,9,13,2,153,9,4,13,122
1527572,2026,"National Stadium, Karachi",2,Hyderabad Kingsmen,Islamabad United,Hyderabad Kingsmen,field,Hyderabad Kingsmen,56,1,9.33,2,7,16,1,157,4,6,13,112
1527573,2026,"National Stadium, Karachi",1,Peshawar Zalmi,Multan Sultans,Multan Sultans,field,Peshawar Zalmi,59,1,9.83,4,5,13,0,196,6,12,12,124
1527573,2026,"National Stadium, Karachi",2,Multan Sultans,Peshawar Zalmi,Multan Sultans,field,Peshawar Zalmi,61,1,10.17,0,9,7,4,172,8,1,20,128
1527574,2026,"National Stadium, Karachi",1,Quetta Gladiators,Peshawar Zalmi,Peshawar Zalmi,field,Peshawar Zalmi,54,2,9.0,1,9,18,3,154,10,2,18,123
1527574,2026,"National Stadium, Karachi",2,Peshawar Zalmi,Quetta Gladiators,Peshawar Zalmi,field,Peshawar Zalmi,59,0,9.83,1,9,12,4,156,2,1,18,116
1527575,2026,"National Stadium, Karachi",1,Rawalpindiz,Hyderabad Kingsmen,Hyderabad Kingsmen,field,Hyderabad Kingsmen,24,3,4.0,0,3,22,0,121,9,1,13,121
1527575,2026,"National Stadium, Karachi",2,Hyderabad Kingsmen,Rawalpindiz,Hyderabad Kingsmen,field,Hyderabad Kingsmen,35,3,5.83,2,4,25,0,123,5,3,14,102
1527576,2026,"National Stadium, Karachi",1,Karachi Kings,Islamabad United,Islamabad United,field,Islamabad United,45,1,7.5,1,6,15,1,150,6,4,11,124
1527576,2026,"National Stadium, Karachi",2,Islamabad United,Karachi Kings,Islamabad United,field,Islamabad United,67,0,11.17,0,13,11,5,153,2,3,17,100
1527577,2026,"National Stadium, Karachi",1,Lahore Qalandars,Quetta Gladiators,Lahore Qalandars,bat,Quetta Gladiators,42,3,7.0,0,7,18,0,134,10,3,15,122
1527577,2026,"National Stadium, Karachi",2,Quetta Gladiators,Lahore Qalandars,Lahore Qalandars,bat,Quetta Gladiators,47,2,7.83,2,4,18,6,138,4,6,11,101
1527578,2026,"National Stadium, Karachi",1,Lahore Qalandars,Rawalpindiz,Lahore Qalandars,bat,Lahore Qalandars,69,0,11.5,4,7,12,5,210,4,10,17,132
1527578,2026,"National Stadium, Karachi",2,Rawalpindiz,Lahore Qalandars,Lahore Qalandars,bat,Lahore Qalandars,62,2,10.33,2,9,13,2,178,9,4,21,122
1527579,2026,"National Stadium, Karachi",1,Multan Sultans,Karachi Kings,Karachi Kings,field,Multan Sultans,69,1,11.5,3,8,15,5,207,7,10,17,128
1527579,2026,"National Stadium, Karachi",2,Karachi Kings,Multan Sultans,Karachi Kings,field,Multan Sultans,49,3,8.17,1,6,15,7,196,10,9,14,129
1527580,2026,"National Stadium, Karachi",1,Peshawar Zalmi,Quetta Gladiators,Quetta Gladiators,field,Peshawar Zalmi,80,1,13.33,4,7,8,7,255,3,13,19,125
1527580,2026,"National Stadium, Karachi",2,Quetta Gladiators,Peshawar Zalmi,Quetta Gladiators,field,Peshawar Zalmi,42,3,7.0,2,4,17,0,137,10,9,7,112
1527581,2026,"Gaddafi Stadium, Lahore",1,Lahore Qalandars,Quetta Gladiators,Lahore Qalandars,bat,Lahore Qalandars,58,1,9.67,2,8,15,5,197,6,8,20,127
1527581,2026,"Gaddafi Stadium, Lahore",2,Quetta Gladiators,Lahore Qalandars,Lahore Qalandars,bat,Lahore Qalandars,55,1,9.17,3,6,17,1,188,7,8,20,124
1527582,2026,"National Stadium, Karachi",1,Rawalpindiz,Multan Sultans,Rawalpindiz,bat,Multan Sultans,33,2,5.5,1,4,23,1,166,4,7,10,123
1527582,2026,"National Stadium, Karachi",2,Multan Sultans,Rawalpindiz,Rawalpindiz,bat,Multan Sultans,51,1,8.5,0,7,12,5,167,4,4,15,116
1527583,2026,"Gaddafi Stadium, Lahore",1,Karachi Kings,Peshawar Zalmi,Karachi Kings,bat,Peshawar Zalmi,55,1,9.17,1,8,11,1,182,9,6,20,126
1527583,2026,"Gaddafi Stadium, Lahore",2,Peshawar Zalmi,Karachi Kings,Karachi Kings,bat,Peshawar Zalmi,54,2,9.0,3,7,19,0,186,3,9,16,115
1527584,2026,"National Stadium, Karachi",1,Multan Sultans,Hyderabad Kingsmen,Hyderabad Kingsmen,field,Hyderabad Kingsmen,56,0,9.33,2,6,14,5,213,7,11,21,121
1527584,2026,"National Stadium, Karachi",2,Hyderabad Kingsmen,Multan Sultans,Hyderabad Kingsmen,field,Hyderabad Kingsmen,54,3,9.0,2,7,17,3,214,6,15,15,122
1527585,2026,"National Stadium, Karachi",1,Islamabad United,Rawalpindiz,Rawalpindiz,field,Rawalpindiz,30,2,5.0,1,2,18,3,137,10,5,8,125
1527585,2026,"National Stadium, Karachi",2,Rawalpindiz,Islamabad United,Rawalpindiz,field,Rawalpindiz,49,1,8.17,1,6,12,1,140,4,4,13,112
1527586,2026,"Gaddafi Stadium, Lahore",1,Lahore Qalandars,Karachi Kings,Karachi Kings,field,Karachi Kings,57,1,9.5,4,4,15,1,199,6,12,12,123
1527586,2026,"Gaddafi Stadium, Lahore",2,Karachi Kings,Lahore Qalandars,Karachi Kings,field,Karachi Kings,49,2,8.17,1,8,19,2,203,5,12,17,120
1527587,2026,"National Stadium, Karachi",1,Hyderabad Kingsmen,Islamabad United,Islamabad United,field,Islamabad United,34,3,5.67,0,6,22,0,80,10,1,7,98
1527587,2026,"National Stadium, Karachi",2,Islamabad United,Hyderabad Kingsmen,Islamabad United,field,Islamabad United,78,1,13.0,3,9,11,9,83,2,3,10,45
1527588,2026,"Gaddafi Stadium, Lahore",1,Quetta Gladiators,Karachi Kings,Karachi Kings,field,Karachi Kings,58,2,9.67,2,7,16,6,195,6,7,20,124
1527588,2026,"Gaddafi Stadium, Lahore",2,Karachi Kings,Quetta Gladiators,Karachi Kings,field,Karachi Kings,63,1,10.5,2,10,14,2,199,1,8,22,112
1527589,2026,"Gaddafi Stadium, Lahore",1,Peshawar Zalmi,Lahore Qalandars,Lahore Qalandars,field,Lahore Qalandars,43,2,7.17,1,5,17,0,199,4,7,22,125
1527589,2026,"Gaddafi Stadium, Lahore",2,Lahore Qalandars,Peshawar Zalmi,Lahore Qalandars,field,Lahore Qalandars,64,1,10.67,3,7,16,9,200,4,9,19,122
1527590,2026,"National Stadium, Karachi",1,Hyderabad Kingsmen,Rawalpindiz,Rawalpindiz,field,Hyderabad Kingsmen,78,2,13.0,3,11,12,3,244,6,12,25,127
1527590,2026,"National Stadium, Karachi",2,Rawalpindiz,Hyderabad Kingsmen,Rawalpindiz,field,Hyderabad Kingsmen,57,3,9.5,0,9,9,1,136,10,2,15,105
1527591,2026,"National Stadium, Karachi",1,Multan Sultans,Islamabad United,Islamabad United,field,Islamabad United,60,1,10.0,2,8,10,0,192,7,10,15,124
1527591,2026,"National Stadium, Karachi",2,Islamabad United,Multan Sultans,Islamabad United,field,Islamabad United,55,2,9.17,0,10,16,7,193,6,8,21,120
1527592,2026,"National Stadium, Karachi",1,Peshawar Zalmi,Islamabad United,Islamabad United,field,Peshawar Zalmi,68,0,11.33,3,10,14,0,221,7,8,25,128
1527592,2026,"National Stadium, Karachi",2,Islamabad United,Peshawar Zalmi,Islamabad United,field,Peshawar Zalmi,64,1,10.67,3,8,14,2,151,10,5,15,119
1527593,2026,"Gaddafi Stadium, Lahore",1,Multan Sultans,Hyderabad Kingsmen,Hyderabad Kingsmen,field,Hyderabad Kingsmen,47,3,7.83,0,6,14,3,159,9,4,14,130
1527593,2026,"Gaddafi Stadium, Lahore",2,Hyderabad Kingsmen,Multan Sultans,Hyderabad Kingsmen,field,Hyderabad Kingsmen,67,1,11.17,2,9,15,4,162,2,7,14,95
1527594,2026,"Gaddafi Stadium, Lahore",1,Hyderabad Kingsmen,Islamabad United,Islamabad United,field,Hyderabad Kingsmen,54,1,9.0,0,10,15,3,186,5,3,25,125
1527594,2026,"Gaddafi Stadium, Lahore",2,Islamabad United,Hyderabad Kingsmen,Islamabad United,field,Hyderabad Kingsmen,46,2,7.67,2,4,12,0,184,7,9,15,124
